elevator_id,ts_ms,ts,data_ts_ms,data_age_ms,is_new_frame,Ax,Ay,Az,Gx,Gy,Gz,vx,vy,vz,ax,ay,az,t,sx,sy,sz,fx,fy,fz,A_mag,G_mag
elevator-unknown,1773731192206,2026-03-17 15:06:32.206,1773731192200,6,1,-0.58349609375,0.80615234375,0.01416015625,-0.18310546875,0.54931640625,0.67138671875,0,0,0,0.0,0.0,0.0,28.21,,,,,,,0.995263685050425,0.8865868558553436
elevator-unknown,1773731192230,2026-03-17 15:06:32.230,1773731192225,5,1,-0.57958984375,0.806640625,0.01123046875,-0.30517578125,0.67138671875,0.67138671875,0,0,0,0.0,0.0,0.0,28.02,,,,,,,0.9933376104360917,0.9973226707988398
elevator-unknown,1773731192253,2026-03-17 15:06:32.253,1773731192249,4,1,-0.58154296875,0.8056640625,0.0126953125,-0.244140625,0.6103515625,0.79345703125,0,0,0,0.0,0.0,0.0,28.09,,,,,,,0.9937041697940288,1.030392029793343
elevator-unknown,1773731192276,2026-03-17 15:06:32.276,1773731192275,1,1,-0.58203125,0.8095703125,0.013671875,-0.18310546875,0.6103515625,0.79345703125,0,0,0,0.0,0.0,0.0,28.28,,,,,,,0.9971716938541355,1.0176594238606609
elevator-unknown,1773731192301,2026-03-17 15:06:32.301,1773731192300,1,1,-0.5810546875,0.806640625,0.013671875,-0.244140625,0.732421875,0.8544921875,0,0,0,0.0,0.0,0.0,28.09,,,,,,,0.9942236005708821,1.1516090249092534
elevator-unknown,1773731192325,2026-03-17 15:06:32.325,1773731192325,0,1,-0.58203125,0.8056640625,0.01025390625,-0.3662109375,0.54931640625,0.67138671875,0,0,0,0.0,0.0,0.0,28.09,,,,,,,0.9939618202798084,0.9416045300623481
elevator-unknown,1773731192359,2026-03-17 15:06:32.359,1773731192350,9,1,-0.5830078125,0.80859375,0.0107421875,-0.244140625,0.8544921875,0.79345703125,0,0,0,0.0,0.0,0.0,27.96,,,,,,,0.9969139163274745,1.1913587216762167
elevator-unknown,1773731192383,2026-03-17 15:06:32.383,1773731192375,8,1,-0.5810546875,0.8076171875,0.00830078125,-0.1220703125,0.67138671875,0.732421875,0,0,0,0.0,0.0,0.0,27.77,,,,,,,0.9949567701063665,1.0010509928501419
elevator-unknown,1773731192406,2026-03-17 15:06:32.406,1773731192400,6,1,-0.5830078125,0.80615234375,0.0107421875,-0.30517578125,0.732421875,0.732421875,0,0,0,0.0,0.0,0.0,28.21,,,,,,,0.9949347241713591,1.079822144345345
elevator-unknown,1773731192430,2026-03-17 15:06:32.430,1773731192425,5,1,-0.5830078125,0.806640625,0.01220703125,-0.30517578125,0.79345703125,0.8544921875,0,0,0,0.0,0.0,0.0,27.96,,,,,,,0.9953472855985314,1.2053477574543152
elevator-unknown,1773731192454,2026-03-17 15:06:32.454,1773731192450,4,1,-0.583984375,0.8076171875,0.01123046875,-0.18310546875,0.732421875,0.732421875,0,0,0,0.0,0.0,0.0,27.96,,,,,,,0.9966992501341092,1.0518608361580863
elevator-unknown,1773731192477,2026-03-17 15:06:32.477,1773731192474,3,1,-0.583984375,0.80908203125,0.0126953125,-0.30517578125,0.6103515625,0.732421875,0,0,0,0.0,0.0,0.0,28.15,,,,,,,0.9979041309140069,1.0010509928501419
elevator-unknown,1773731192501,2026-03-17 15:06:32.501,1773731192500,1,1,-0.58544921875,0.80712890625,0.0107421875,-0.244140625,0.732421875,0.732421875,0,0,0,0.0,0.0,0.0,28.15,,,,,,,0.9971575871604206,1.0641843123878598
elevator-unknown,1773731192525,2026-03-17 15:06:32.525,1773731192525,0,1,-0.5830078125,0.8076171875,0.0107421875,-0.06103515625,0.67138671875,0.732421875,0,0,0,0.0,0.0,0.0,27.96,,,,,,,0.9961219933189561,0.9954532733337458
elevator-unknown,1773731192559,2026-03-17 15:06:32.559,1773731192551,8,1,-0.580078125,0.80615234375,0.0107421875,-0.18310546875,0.67138671875,0.54931640625,0,0,0,0.0,0.0,0.0,27.96,,,,,,,0.9932208349754947,0.8865868558553436
elevator-unknown,1773731192583,2026-03-17 15:06:32.583,1773731192575,8,1,-0.58349609375,0.80517578125,0.0126953125,-0.1220703125,0.732421875,0.732421875,0,0,0,0.0,0.0,0.0,27.96,,,,,,,0.9944530663095817,1.0429692071920815
elevator-unknown,1773731192606,2026-03-17 15:06:32.606,1773731192600,6,1,-0.5830078125,0.81005859375,0.01025390625,-0.06103515625,0.79345703125,0.79345703125,0,0,0,0.0,0.0,0.0,28.09,,,,,,,0.998097278494259,1.1237764062208233
elevator-unknown,1773731192629,2026-03-17 15:06:32.629,1773731192625,4,1,-0.5849609375,0.80859375,0.01318359375,-0.18310546875,0.67138671875,0.67138671875,0,0,0,0.0,0.0,0.0,28.02,,,,,,,0.998086648585235,0.9669787303317176
elevator-unknown,1773731192652,2026-03-17 15:06:32.652,1773731192650,2,1,-0.5810546875,0.806640625,0.0107421875,-0.1220703125,0.67138671875,0.732421875,0,0,0,0.0,0.0,0.0,28.15,,,,,,,0.9941876293529297,1.0010509928501419
elevator-unknown,1773731192675,2026-03-17 15:06:32.675,1773731192675,0,1,-0.5849609375,0.806640625,0.0126953125,-0.244140625,0.67138671875,0.732421875,0,0,0,0.0,0.0,0.0,28.15,,,,,,,0.9964986539181787,1.0231356576074346
elevator-unknown,1773731192708,2026-03-17 15:06:32.708,1773731192699,9,1,-0.583984375,0.8076171875,0.01025390625,-0.18310546875,0.732421875,0.67138671875,0,0,0,0.0,0.0,0.0,27.83,,,,,,,0.99668872492014,1.0103116062772735
elevator-unknown,1773731192731,2026-03-17 15:06:32.731,1773731192724,7,1,-0.58154296875,0.80517578125,0.013671875,-0.1220703125,0.732421875,0.732421875,0,0,0,0.0,0.0,0.0,28.15,,,,,,,0.9933212891004234,1.0429692071920815
elevator-unknown,1773731192754,2026-03-17 15:06:32.754,1773731192749,5,1,-0.5830078125,0.80810546875,0.0107421875,-0.244140625,0.67138671875,0.732421875,0,0,0,0.0,0.0,0.0,28.47,,,,,,,0.9965179138640597,1.0231356576074346
elevator-unknown,1773731192777,2026-03-17 15:06:32.777,1773731192775,2,1,-0.58447265625,0.806640625,0.0126953125,-0.3662109375,0.732421875,0.732421875,0,0,0,0.0,0.0,0.0,28.02,,,,,,,0.9962121033011966,1.0986328125
elevator-unknown,1773731192799,2026-03-17 15:06:32.799,1773731192799,0,1,-0.5810546875,0.81005859375,0.009765625,-0.18310546875,0.67138671875,0.732421875,0,0,0,0.0,0.0,0.0,28.02,,,,,,,0.9969527785234318,1.0103116062772735
elevator-unknown,1773731192833,2026-03-17 15:06:32.833,1773731192825,8,1,-0.583984375,0.8076171875,0.01416015625,-0.30517578125,0.67138671875,0.67138671875,0,0,0,0.0,0.0,0.0,28.02,,,,,,,0.9967365659062455,0.9973226707988398
elevator-unknown,1773731192856,2026-03-17 15:06:32.856,1773731192850,6,1,-0.58251953125,0.80810546875,0.01171875,-0.1220703125,0.8544921875,0.732421875,0,0,0,0.0,0.0,0.0,28.21,,,,,,,0.9962433347395301,1.1320335077509405
elevator-unknown,1773731192880,2026-03-17 15:06:32.880,1773731192875,5,1,-0.5830078125,0.80615234375,0.0087890625,-0.30517578125,0.67138671875,0.67138671875,0,0,0,0.0,0.0,0.0,28.21,,,,,,,0.9949155533960067,0.9973226707988398
elevator-unknown,1773731192903,2026-03-17 15:06:32.903,1773731192900,3,1,-0.58203125,0.80810546875,0.0107421875,-0.244140625,0.8544921875,0.67138671875,0,0,0,0.0,0.0,0.0,28.02,,,,,,,0.9959468957693,1.1137870844051916
elevator-unknown,1773731192927,2026-03-17 15:06:32.927,1773731192925,2,1,-0.5830078125,0.8046875,0.00830078125,-0.30517578125,0.6103515625,0.67138671875,0,0,0,0.0,0.0,0.0,28.02,,,,,,,0.9937248034851729,0.9572990198582838
elevator-unknown,1773731192951,2026-03-17 15:06:32.951,1773731192950,1,1,-0.5830078125,0.80712890625,0.01318359375,-0.244140625,0.6103515625,0.6103515625,0,0,0,0.0,0.0,0.0,28.21,,,,,,,0.9957554859926816,0.8970299351012615
elevator-unknown,1773731192985,2026-03-17 15:06:32.985,1773731192976,9,1,-0.58203125,0.8076171875,0.0146484375,-0.30517578125,0.8544921875,0.732421875,0,0,0,0.0,0.0,0.0,28.21,,,,,,,0.9956005595835933,1.1660750228602783
elevator-unknown,1773731193008,2026-03-17 15:06:33.008,1773731193000,8,1,-0.58251953125,0.80419921875,0.0146484375,-0.1220703125,0.67138671875,0.6103515625,0,0,0,0.0,0.0,0.0,28.15,,,,,,,0.9931162894883063,0.91552734375
elevator-unknown,1773731193032,2026-03-17 15:06:33.032,1773731193025,7,1,-0.58251953125,0.80810546875,0.0107421875,-0.1220703125,0.732421875,0.732421875,0,0,0,0.0,0.0,0.0,28.15,,,,,,,0.9962323260684036,1.0429692071920815
elevator-unknown,1773731193055,2026-03-17 15:06:33.055,1773731193051,4,1,-0.58203125,0.80615234375,0.00927734375,-0.1220703125,0.79345703125,0.732421875,0,0,0,0.0,0.0,0.0,28.15,,,,,,,0.9943480509445555,1.0867000619363316
elevator-unknown,1773731193079,2026-03-17 15:06:33.079,1773731193075,4,1,-0.58203125,0.8076171875,0.01220703125,-0.1220703125,0.79345703125,0.67138671875,0,0,0,0.0,0.0,0.0,28.09,,,,,,,0.9955676316222375,1.046534924284805
elevator-unknown,1773731193102,2026-03-17 15:06:33.102,1773731193101,1,1,-0.5830078125,0.8056640625,0.01318359375,-0.18310546875,0.732421875,0.67138671875,0,0,0,0.0,0.0,0.0,28.15,,,,,,,0.9945684984877633,1.0103116062772735
elevator-unknown,1773731193126,2026-03-17 15:06:33.126,1773731193124,2,1,-0.58154296875,0.806640625,0.01416015625,-0.244140625,0.6103515625,0.732421875,0,0,0,0.0,0.0,0.0,28.02,,,,,,,0.994515878419233,0.9841623227903503
elevator-unknown,1773731193150,2026-03-17 15:06:33.150,1773731193150,0,1,-0.58251953125,0.81005859375,0.01123046875,-0.18310546875,0.732421875,0.67138671875,0,0,0,0.0,0.0,0.0,28.47,,,,,,,0.9978226560989142,1.0103116062772735
elevator-unknown,1773731193175,2026-03-17 15:06:33.175,1773731193175,0,1,-0.5830078125,0.80712890625,0.015625,-0.1220703125,0.6103515625,0.67138671875,0,0,0,0.0,0.0,0.0,28.09,,,,,,,0.9957908020088138,0.91552734375
elevator-unknown,1773731193210,2026-03-17 15:06:33.210,1773731193201,9,1,-0.5830078125,0.80517578125,0.0146484375,-0.18310546875,0.67138671875,0.732421875,0,0,0,0.0,0.0,0.0,28.02,,,,,,,0.9941935047407896,1.0103116062772735
elevator-unknown,1773731193233,2026-03-17 15:06:33.233,1773731193225,8,1,-0.5830078125,0.80712890625,0.013671875,-0.18310546875,0.79345703125,0.732421875,0,0,0,0.0,0.0,0.0,28.09,,,,,,,0.9957620704296645,1.0952367214920875
elevator-unknown,1773731193257,2026-03-17 15:06:33.257,1773731193249,8,1,-0.58203125,0.806640625,0.01220703125,-0.18310546875,0.732421875,0.67138671875,0,0,0,0.0,0.0,0.0,28.02,,,,,,,0.9947755955434832,1.0103116062772735
elevator-unknown,1773731193280,2026-03-17 15:06:33.280,1773731193275,5,1,-0.5830078125,0.80615234375,0.01123046875,-0.18310546875,0.732421875,0.67138671875,0,0,0,0.0,0.0,0.0,28.28,,,,,,,0.9949401158853723,1.0103116062772735
elevator-unknown,1773731193304,2026-03-17 15:06:33.304,1773731193300,4,1,-0.58544921875,0.8095703125,0.01171875,-0.1220703125,0.6103515625,0.732421875,0,0,0,0.0,0.0,0.0,27.83,,,,,,,0.9991457389780009,0.9611826018080823
elevator-unknown,1773731193327,2026-03-17 15:06:33.327,1773731193325,2,1,-0.58056640625,0.80517578125,0.013671875,-0.30517578125,0.732421875,0.732421875,0,0,0,0.0,0.0,0.0,28.09,,,,,,,0.9927498733032423,1.079822144345345
elevator-unknown,1773731193351,2026-03-17 15:06:33.351,1773731193350,1,1,-0.5830078125,0.8046875,0.01220703125,-0.244140625,0.732421875,0.67138671875,0,0,0,0.0,0.0,0.0,28.34,,,,,,,0.9937651099249881,1.0231356576074346
elevator-unknown,1773731193376,2026-03-17 15:06:33.376,1773731193376,0,1,-0.583984375,0.80517578125,0.0087890625,-0.06103515625,0.732421875,0.732421875,0,0,0,0.0,0.0,0.0,28.15,,,,,,,0.9946974598214863,1.03759765625
elevator-unknown,1773731193400,2026-03-17 15:06:33.400,1773731193399,1,1,-0.58203125,0.8076171875,0.01171875,-0.18310546875,0.6103515625,0.732421875,0,0,0,0.0,0.0,0.0,28.21,,,,,,,0.995561764343898,0.9708235913444132
elevator-unknown,1773731193424,2026-03-17 15:06:33.424,1773731193424,0,1,-0.58349609375,0.80517578125,0.01220703125,-0.30517578125,0.8544921875,0.67138671875,0,0,0,0.0,0.0,0.0,27.83,,,,,,,0.9944469527053693,1.1287379155826984
elevator-unknown,1773731193456,2026-03-17 15:06:33.456,1773731193449,7,1,-0.5810546875,0.806640625,0.0107421875,-0.18310546875,0.732421875,0.67138671875,0,0,0,0.0,0.0,0.0,28.15,,,,,,,0.9941876293529297,1.0103116062772735
elevator-unknown,1773731193478,2026-03-17 15:06:33.478,1773731193474,4,1,-0.583984375,0.80712890625,0.01171875,-0.1220703125,0.67138671875,0.67138671875,0,0,0,0.0,0.0,0.0,28.09,,,,,,,0.9963092645609718,0.9572990198582838
elevator-unknown,1773731193499,2026-03-17 15:06:33.499,1773731193499,0,1,-0.58056640625,0.80810546875,0.01416015625,-0.06103515625,0.6103515625,0.732421875,0,0,0,0.0,0.0,0.0,28.28,,,,,,,0.9951343179263399,0.9553513087462481
elevator-unknown,1773731193531,2026-03-17 15:06:33.531,1773731193524,7,1,-0.58447265625,0.8056640625,0.0146484375,-0.244140625,0.91552734375,0.79345703125,0,0,0,0.0,0.0,0.0,28.02,,,,,,,0.9954483634167701,1.235867720417272
elevator-unknown,1773731193553,2026-03-17 15:06:33.553,1773731193549,4,1,-0.5830078125,0.8046875,0.01171875,-0.18310546875,0.732421875,0.732421875,0,0,0,0.0,0.0,0.0,27.96,,,,,,,0.993759232004336,1.0518608361580863
elevator-unknown,1773731193574,2026-03-17 15:06:33.574,1773731193574,0,1,-0.58154296875,0.80859375,0.01220703125,-0.30517578125,0.6103515625,0.732421875,0,0,0,0.0,0.0,0.0,28.34,,,,,,,0.9960748408897618,1.0010509928501419
elevator-unknown,1773731193606,2026-03-17 15:06:33.606,1773731193599,7,1,-0.58447265625,0.8046875,0.01123046875,-0.1220703125,0.732421875,0.79345703125,0,0,0,0.0,0.0,0.0,28.02,,,,,,,0.994613684798538,1.0867000619363316
elevator-unknown,1773731193628,2026-03-17 15:06:33.628,1773731193624,4,1,-0.58251953125,0.80517578125,0.0107421875,-0.18310546875,0.6103515625,0.732421875,0,0,0,0.0,0.0,0.0,28.02,,,,,,,0.9938573527380842,0.9708235913444132
elevator-unknown,1773731193649,2026-03-17 15:06:33.649,1773731193648,1,1,-0.58056640625,0.80810546875,0.01123046875,-0.244140625,0.732421875,0.67138671875,0,0,0,0.0,0.0,0.0,27.96,,,,,,,0.9950969420704909,1.0231356576074346
elevator-unknown,1773731193681,2026-03-17 15:06:33.681,1773731193674,7,1,-0.583984375,0.806640625,0.0146484375,-0.1220703125,0.91552734375,0.79345703125,0,0,0,0.0,0.0,0.0,28.34,,,,,,,0.9959525213913174,1.2176475429235842
elevator-unknown,1773731193702,2026-03-17 15:06:33.702,1773731193699,3,1,-0.58154296875,0.8076171875,0.0107421875,-0.18310546875,0.732421875,0.8544921875,0,0,0,0.0,0.0,0.0,28.28,,,,,,,0.995265361921261,1.1402308161785526
elevator-unknown,1773731193724,2026-03-17 15:06:33.724,1773731193724,0,1,-0.58203125,0.8056640625,0.013671875,-0.244140625,0.732421875,0.67138671875,0,0,0,0.0,0.0,0.0,28.02,,,,,,,0.9940029566085716,1.0231356576074346
elevator-unknown,1773731193756,2026-03-17 15:06:33.756,1773731193749,7,1,-0.58203125,0.80615234375,0.01318359375,-0.244140625,0.79345703125,0.67138671875,0,0,0,0.0,0.0,0.0,28.02,,,,,,,0.994392168339205,1.0676791799643495
elevator-unknown,1773731193777,2026-03-17 15:06:33.777,1773731193774,3,1,-0.58154296875,0.80517578125,0.01220703125,-0.18310546875,0.54931640625,0.67138671875,0,0,0,0.0,0.0,0.0,28.15,,,,,,,0.9933022071988211,0.8865868558553436
elevator-unknown,1773731193799,2026-03-17 15:06:33.799,1773731193799,0,1,-0.5849609375,0.80908203125,0.009765625,-0.1220703125,0.8544921875,0.67138671875,0,0,0,0.0,0.0,0.0,27.96,,,,,,,0.9984429874179824,1.0935347208965402
elevator-unknown,1773731193831,2026-03-17 15:06:33.831,1773731193824,7,1,-0.57763671875,0.80615234375,0.01171875,-0.244140625,0.67138671875,0.6103515625,0,0,0,0.0,0.0,0.0,28.02,,,,,,,0.9918080002114559,0.9396242870080964
elevator-unknown,1773731193852,2026-03-17 15:06:33.852,1773731193849,3,1,-0.58251953125,0.80859375,0.01171875,-0.06103515625,0.67138671875,0.732421875,0,0,0,0.0,0.0,0.0,28.34,,,,,,,0.9966394463035991,0.9954532733337458
elevator-unknown,1773731193874,2026-03-17 15:06:33.874,1773731193873,1,1,-0.580078125,0.80712890625,0.01416015625,-0.1220703125,0.732421875,0.732421875,0,0,0,0.0,0.0,0.0,28.02,,,,,,,0.9940564432832077,1.0429692071920815
elevator-unknown,1773731193906,2026-03-17 15:06:33.906,1773731193898,8,1,-0.58251953125,0.80908203125,0.01123046875,-0.30517578125,0.67138671875,0.79345703125,0,0,0,0.0,0.0,0.0,28.02,,,,,,,0.9970300201135823,1.0832665618468535
elevator-unknown,1773731193927,2026-03-17 15:06:33.927,1773731193924,3,1,-0.58544921875,0.8056640625,0.01123046875,-0.244140625,0.67138671875,0.79345703125,0,0,0,0.0,0.0,0.0,27.96,,,,,,,0.9959776567611013,1.0676791799643495
elevator-unknown,1773731193959,2026-03-17 15:06:33.959,1773731193949,10,1,-0.58056640625,0.8037109375,0.0126953125,-0.06103515625,0.79345703125,0.732421875,0,0,0,0.0,0.0,0.0,28.34,,,,,,,0.9915491889375139,1.081545724284018
elevator-unknown,1773731193981,2026-03-17 15:06:33.981,1773731193974,7,1,-0.58203125,0.80615234375,0.013671875,-0.30517578125,0.67138671875,0.732421875,0,0,0,0.0,0.0,0.0,27.96,,,,,,,0.9943987618034308,1.0393912576859377
elevator-unknown,1773731194002,2026-03-17 15:06:34.002,1773731193999,3,1,-0.58251953125,0.806640625,0.01025390625,-0.1220703125,0.732421875,0.732421875,0,0,0,0.0,0.0,0.0,28.28,,,,,,,0.9950393182088304,1.0429692071920815
elevator-unknown,1773731194024,2026-03-17 15:06:34.024,1773731194024,0,1,-0.5810546875,0.80712890625,0.0126953125,-0.1220703125,0.67138671875,0.6103515625,0,0,0,0.0,0.0,0.0,28.02,,,,,,,0.9946068530477339,0.91552734375
elevator-unknown,1773731194056,2026-03-17 15:06:34.056,1773731194049,7,1,-0.58447265625,0.80859375,0.01318359375,-0.18310546875,0.54931640625,0.67138671875,0,0,0,0.0,0.0,0.0,28.02,,,,,,,0.9978005540122525,0.8865868558553436
elevator-unknown,1773731194077,2026-03-17 15:06:34.077,1773731194074,3,1,-0.58349609375,0.80712890625,0.01123046875,-0.18310546875,0.79345703125,0.732421875,0,0,0,0.0,0.0,0.0,28.21,,,,,,,0.9960175129756378,1.0952367214920875
elevator-unknown,1773731194099,2026-03-17 15:06:34.099,1773731194098,1,1,-0.58203125,0.806640625,0.01220703125,0.0,0.54931640625,0.67138671875,0,0,0,0.0,0.0,0.0,28.02,,,,,,,0.9947755955434832,0.8674725588105405
elevator-unknown,1773731194131,2026-03-17 15:06:34.131,1773731194124,7,1,-0.58203125,0.80615234375,0.013671875,-0.18310546875,0.67138671875,0.67138671875,0,0,0,0.0,0.0,0.0,28.09,,,,,,,0.9943987618034308,0.9669787303317176
elevator-unknown,1773731194152,2026-03-17 15:06:34.152,1773731194149,3,1,-0.5810546875,0.8076171875,0.01171875,-0.30517578125,0.732421875,0.6103515625,0,0,0,0.0,0.0,0.0,28.21,,,,,,,0.9949911559972255,1.0010509928501419
elevator-unknown,1773731194174,2026-03-17 15:06:34.174,1773731194174,0,1,-0.58447265625,0.80712890625,0.013671875,-0.244140625,0.67138671875,0.79345703125,0,0,0,0.0,0.0,0.0,28.15,,,,,,,0.9966204279334573,1.0676791799643495
elevator-unknown,1773731194206,2026-03-17 15:06:34.206,1773731194199,7,1,-0.58203125,0.80615234375,0.013671875,-0.18310546875,0.732421875,0.79345703125,0,0,0,0.0,0.0,0.0,28.15,,,,,,,0.9943987618034308,1.0952367214920875
elevator-unknown,1773731194227,2026-03-17 15:06:34.227,1773731194224,3,1,-0.5810546875,0.806640625,0.01025390625,-0.1220703125,0.79345703125,0.67138671875,0,0,0,0.0,0.0,0.0,28.02,,,,,,,0.9941824733717132,1.046534924284805
elevator-unknown,1773731194249,2026-03-17 15:06:34.249,1773731194248,1,1,-0.583984375,0.80517578125,0.01318359375,-0.06103515625,0.6103515625,0.79345703125,0,0,0,0.0,0.0,0.0,28.21,,,,,,,0.9947459957697008,1.0029099563693227
elevator-unknown,1773731194280,2026-03-17 15:06:34.280,1773731194273,7,1,-0.5810546875,0.8095703125,0.0107421875,-0.30517578125,0.6103515625,0.67138671875,0,0,0,0.0,0.0,0.0,28.15,,,,,,,0.9965661219103104,0.9572990198582838
elevator-unknown,1773731194302,2026-03-17 15:06:34.302,1773731194299,3,1,-0.58349609375,0.80517578125,0.01318359375,-0.18310546875,0.8544921875,0.732421875,0,0,0,0.0,0.0,0.0,28.15,,,,,,,0.9944594196231547,1.1402308161785526
elevator-unknown,1773731194334,2026-03-17 15:06:34.334,1773731194324,10,1,-0.5791015625,0.8095703125,0.0126953125,-0.06103515625,0.67138671875,0.732421875,0,0,0,0.0,0.0,0.0,28.34,,,,,,,0.9954515967794525,0.9954532733337458
elevator-unknown,1773731194355,2026-03-17 15:06:34.355,1773731194349,6,1,-0.58349609375,0.80419921875,0.017578125,-0.1220703125,0.8544921875,0.67138671875,0,0,0,0.0,0.0,0.0,28.09,,,,,,,0.9937369195808993,1.0935347208965402
elevator-unknown,1773731194376,2026-03-17 15:06:34.376,1773731194373,3,1,-0.58447265625,0.806640625,0.015625,-0.244140625,0.8544921875,0.732421875,0,0,0,0.0,0.0,0.0,28.15,,,,,,,0.9962537450014034,1.1516090249092534
elevator-unknown,1773731194408,2026-03-17 15:06:34.408,1773731194399,9,1,-0.58203125,0.80810546875,0.01611328125,-0.1220703125,0.732421875,0.79345703125,0,0,0,0.0,0.0,0.0,28.15,,,,,,,0.9960193082630785,1.0867000619363316
elevator-unknown,1773731194430,2026-03-17 15:06:34.430,1773731194424,6,1,-0.58251953125,0.80517578125,0.0126953125,-0.06103515625,0.8544921875,0.67138671875,0,0,0,0.0,0.0,0.0,28.15,,,,,,,0.9938803821178585,1.0884127502518925
elevator-unknown,1773731194451,2026-03-17 15:06:34.451,1773731194449,2,1,-0.583984375,0.80712890625,0.0087890625,-0.244140625,0.79345703125,0.732421875,0,0,0,0.0,0.0,0.0,28.09,,,,,,,0.9962791120805911,1.1070774625986972
elevator-unknown,1773731194483,2026-03-17 15:06:34.483,1773731194474,9,1,-0.58154296875,0.80810546875,0.0078125,-0.18310546875,0.79345703125,0.67138671875,0,0,0,0.0,0.0,0.0,27.96,,,,,,,0.9956343245803002,1.055396512804601
elevator-unknown,1773731194505,2026-03-17 15:06:34.505,1773731194498,7,1,-0.58251953125,0.8056640625,0.01171875,-0.18310546875,0.91552734375,0.79345703125,0,0,0,0.0,0.0,0.0,28.15,,,,,,,0.9942640066869997,1.2252722106863239
elevator-unknown,1773731194526,2026-03-17 15:06:34.526,1773731194524,2,1,-0.58349609375,0.8076171875,0.0126953125,-0.18310546875,0.732421875,0.79345703125,0,0,0,0.0,0.0,0.0,28.02,,,,,,,0.9964308224490005,1.0952367214920875
elevator-unknown,1773731194558,2026-03-17 15:06:34.558,1773731194549,9,1,-0.5830078125,0.80517578125,0.0166015625,-0.18310546875,0.6103515625,0.67138671875,0,0,0,0.0,0.0,0.0,28.34,,,,,,,0.9942242000801552,0.925643975103949
elevator-unknown,1773731194580,2026-03-17 15:06:34.580,1773731194574,6,1,-0.58349609375,0.80810546875,0.01318359375,-0.30517578125,0.732421875,0.67138671875,0,0,0,0.0,0.0,0.0,28.28,,,,,,,0.9968329585187937,1.0393912576859377
elevator-unknown,1773731194601,2026-03-17 15:06:34.601,1773731194599,2,1,-0.57958984375,0.80810546875,0.00830078125,-0.06103515625,0.67138671875,0.732421875,0,0,0,0.0,0.0,0.0,28.28,,,,,,,0.9944987373401573,0.9954532733337458
elevator-unknown,1773731194633,2026-03-17 15:06:34.633,1773731194624,9,1,-0.580078125,0.8076171875,0.0126953125,-0.18310546875,0.67138671875,0.79345703125,0,0,0,0.0,0.0,0.0,27.96,,,,,,,0.9944331669893148,1.055396512804601
elevator-unknown,1773731194654,2026-03-17 15:06:34.654,1773731194649,5,1,-0.58154296875,0.8056640625,0.0087890625,-0.18310546875,0.6103515625,0.79345703125,0,0,0,0.0,0.0,0.0,28.15,,,,,,,0.9936619413694963,1.0176594238606609
elevator-unknown,1773731194676,2026-03-17 15:06:34.676,1773731194674,2,1,-0.5830078125,0.80859375,0.01025390625,-0.244140625,0.732421875,0.67138671875,0,0,0,0.0,0.0,0.0,28.02,,,,,,,0.9969087744465295,1.0231356576074346
elevator-unknown,1773731194708,2026-03-17 15:06:34.708,1773731194699,9,1,-0.58056640625,0.80712890625,0.01416015625,-0.1220703125,0.732421875,0.67138671875,0,0,0,0.0,0.0,0.0,28.15,,,,,,,0.9943414571440666,1.0010509928501419
elevator-unknown,1773731194729,2026-03-17 15:06:34.729,1773731194724,5,1,-0.5830078125,0.80615234375,0.01611328125,-0.244140625,0.6103515625,0.67138671875,0,0,0,0.0,0.0,0.0,28.15,,,,,,,0.995007210326787,0.9396242870080964
elevator-unknown,1773731194751,2026-03-17 15:06:34.751,1773731194749,2,1,-0.58251953125,0.80712890625,0.01318359375,-0.30517578125,0.8544921875,0.732421875,0,0,0,0.0,0.0,0.0,28.47,,,,,,,0.9954696794660328,1.1660750228602783
elevator-unknown,1773731194782,2026-03-17 15:06:34.782,1773731194774,8,1,-0.58251953125,0.80810546875,0.013671875,-0.244140625,0.732421875,0.67138671875,0,0,0,0.0,0.0,0.0,28.09,,,,,,,0.9962682234606264,1.0231356576074346
elevator-unknown,1773731194804,2026-03-17 15:06:34.804,1773731194799,5,1,-0.58154296875,0.806640625,0.0107421875,-0.244140625,0.91552734375,0.67138671875,0,0,0,0.0,0.0,0.0,28.15,,,,,,,0.994473085103483,1.1612730462915313
elevator-unknown,1773731194826,2026-03-17 15:06:34.826,1773731194824,2,1,-0.58203125,0.8056640625,0.009765625,-0.1220703125,0.79345703125,0.79345703125,0,0,0,0.0,0.0,0.0,28.21,,,,,,,0.9939569029954,1.1287379155826984
elevator-unknown,1773731194858,2026-03-17 15:06:34.858,1773731194849,9,1,-0.58251953125,0.806640625,0.00927734375,-0.244140625,0.91552734375,0.732421875,0,0,0,0.0,0.0,0.0,28.34,,,,,,,0.9950297338749059,1.1975962445281119
elevator-unknown,1773731194879,2026-03-17 15:06:34.879,1773731194874,5,1,-0.58349609375,0.8046875,0.01416015625,-0.244140625,0.732421875,0.67138671875,0,0,0,0.0,0.0,0.0,28.15,,,,,,,0.9940775493404844,1.0231356576074346
elevator-unknown,1773731194901,2026-03-17 15:06:34.901,1773731194899,2,1,-0.58251953125,0.806640625,0.013671875,-0.30517578125,0.67138671875,0.67138671875,0,0,0,0.0,0.0,0.0,28.09,,,,,,,0.9950804099941502,0.9973226707988398
elevator-unknown,1773731194933,2026-03-17 15:06:34.933,1773731194924,9,1,-0.5830078125,0.80859375,0.0146484375,-0.18310546875,0.67138671875,0.732421875,0,0,0,0.0,0.0,0.0,28.34,,,,,,,0.9969636596668351,1.0103116062772735
elevator-unknown,1773731194954,2026-03-17 15:06:34.954,1773731194949,5,1,-0.58251953125,0.80517578125,0.01318359375,-0.244140625,0.732421875,0.79345703125,0,0,0,0.0,0.0,0.0,28.15,,,,,,,0.9938867390922532,1.1070774625986972
elevator-unknown,1773731194976,2026-03-17 15:06:34.976,1773731194974,2,1,-0.5830078125,0.8076171875,0.01220703125,-0.18310546875,0.8544921875,0.732421875,0,0,0,0.0,0.0,0.0,28.15,,,,,,,0.9961388671231455,1.1402308161785526
elevator-unknown,1773731195007,2026-03-17 15:06:35.007,1773731194999,8,1,-0.5849609375,0.806640625,0.0107421875,-0.1220703125,0.54931640625,0.6103515625,0,0,0,0.0,0.0,0.0,28.28,,,,,,,0.9964756850488399,0.8301678777304348
elevator-unknown,1773731195029,2026-03-17 15:06:35.029,1773731195024,5,1,-0.583984375,0.8046875,0.009765625,-0.30517578125,0.732421875,0.67138671875,0,0,0,0.0,0.0,0.0,28.28,,,,,,,0.9943113648812585,1.0393912576859377
elevator-unknown,1773731195051,2026-03-17 15:06:35.051,1773731195049,2,1,-0.58203125,0.8076171875,0.01220703125,-0.1220703125,0.79345703125,0.67138671875,0,0,0,0.0,0.0,0.0,28.15,,,,,,,0.9955676316222375,1.046534924284805
elevator-unknown,1773731195082,2026-03-17 15:06:35.082,1773731195074,8,1,-0.58203125,0.81005859375,0.0126953125,-0.244140625,0.8544921875,0.732421875,0,0,0,0.0,0.0,0.0,28.15,,,,,,,0.9975552477152645,1.1516090249092534
elevator-unknown,1773731195104,2026-03-17 15:06:35.104,1773731195099,5,1,-0.58349609375,0.8076171875,0.015625,-0.06103515625,0.79345703125,0.67138671875,0,0,0,0.0,0.0,0.0,28.02,,,,,,,0.9964724550091282,1.0411817693623036
elevator-unknown,1773731195125,2026-03-17 15:06:35.125,1773731195124,1,1,-0.58203125,0.8046875,0.01025390625,-0.1220703125,0.79345703125,0.732421875,0,0,0,0.0,0.0,0.0,27.96,,,,,,,0.9931704240593335,1.0867000619363316
elevator-unknown,1773731195157,2026-03-17 15:06:35.157,1773731195149,8,1,-0.58349609375,0.80517578125,0.01025390625,-0.18310546875,0.732421875,0.67138671875,0,0,0,0.0,0.0,0.0,28.09,,,,,,,0.9944248954679485,1.0103116062772735
elevator-unknown,1773731195179,2026-03-17 15:06:35.179,1773731195174,5,1,-0.58154296875,0.8076171875,0.0107421875,-0.18310546875,0.91552734375,0.67138671875,0,0,0,0.0,0.0,0.0,28.09,,,,,,,0.995265361921261,1.1499904590708478
elevator-unknown,1773731195200,2026-03-17 15:06:35.200,1773731195199,1,1,-0.58447265625,0.806640625,0.00830078125,-0.30517578125,0.6103515625,0.732421875,0,0,0,0.0,0.0,0.0,28.21,,,,,,,0.99616579281447,1.0010509928501419
elevator-unknown,1773731195232,2026-03-17 15:06:35.232,1773731195224,8,1,-0.583984375,0.80859375,0.01220703125,-0.1220703125,0.732421875,0.79345703125,0,0,0,0.0,0.0,0.0,28.21,,,,,,,0.9975021876643387,1.0867000619363316
elevator-unknown,1773731195254,2026-03-17 15:06:35.254,1773731195249,5,1,-0.5810546875,0.80615234375,0.01171875,-0.18310546875,0.732421875,0.67138671875,0,0,0,0.0,0.0,0.0,28.02,,,,,,,0.9938025358696281,1.0103116062772735
elevator-unknown,1773731195275,2026-03-17 15:06:35.275,1773731195274,1,1,-0.58447265625,0.8056640625,0.0166015625,-0.06103515625,0.732421875,0.732421875,0,0,0,0.0,0.0,0.0,28.02,,,,,,,0.9954790200628921,1.03759765625
elevator-unknown,1773731195307,2026-03-17 15:06:35.307,1773731195298,9,1,-0.580078125,0.8076171875,0.01416015625,-0.3662109375,0.79345703125,0.67138671875,0,0,0,0.0,0.0,0.0,28.02,,,,,,,0.9944529464353505,1.1020184378215203
elevator-unknown,1773731195328,2026-03-17 15:06:35.328,1773731195324,4,1,-0.583984375,0.8076171875,0.0107421875,-0.244140625,0.67138671875,0.67138671875,0,0,0,0.0,0.0,0.0,28.09,,,,,,,0.9966938679363067,0.9803697756475226
elevator-unknown,1773731195350,2026-03-17 15:06:35.350,1773731195349,1,1,-0.58251953125,0.80712890625,0.0107421875,-0.18310546875,0.8544921875,0.732421875,0,0,0,0.0,0.0,0.0,28.21,,,,,,,0.9954403398417839,1.1402308161785526
elevator-unknown,1773731195381,2026-03-17 15:06:35.381,1773731195374,7,1,-0.58251953125,0.80615234375,0.0087890625,-0.244140625,0.8544921875,0.79345703125,0,0,0,0.0,0.0,0.0,27.96,,,,,,,0.9946295055149765,1.1913587216762167
elevator-unknown,1773731195403,2026-03-17 15:06:35.403,1773731195399,4,1,-0.58203125,0.8056640625,0.01318359375,-0.1220703125,0.6103515625,0.79345703125,0,0,0,0.0,0.0,0.0,28.09,,,,,,,0.993996360518856,1.0084662867345158
elevator-unknown,1773731195425,2026-03-17 15:06:35.425,1773731195425,0,1,-0.58251953125,0.80810546875,0.0146484375,-0.18310546875,0.67138671875,0.732421875,0,0,0,0.0,0.0,0.0,28.21,,,,,,,0.9962821034388645,1.0103116062772735
elevator-unknown,1773731195460,2026-03-17 15:06:35.460,1773731195451,9,1,-0.58349609375,0.8076171875,0.0146484375,-0.1220703125,0.67138671875,0.67138671875,0,0,0,0.0,0.0,0.0,28.21,,,,,,,0.996457620618213,0.9572990198582838
elevator-unknown,1773731195483,2026-03-17 15:06:35.483,1773731195474,9,1,-0.583984375,0.80859375,0.0126953125,-0.1220703125,0.67138671875,0.732421875,0,0,0,0.0,0.0,0.0,28.02,,,,,,,0.9975082825433961,1.0010509928501419
elevator-unknown,1773731195507,2026-03-17 15:06:35.507,1773731195500,7,1,-0.58203125,0.8056640625,0.01318359375,-0.244140625,0.8544921875,0.732421875,0,0,0,0.0,0.0,0.0,28.15,,,,,,,0.993996360518856,1.1516090249092534
elevator-unknown,1773731195530,2026-03-17 15:06:35.530,1773731195525,5,1,-0.583984375,0.8037109375,0.01220703125,-0.1220703125,0.8544921875,0.732421875,0,0,0,0.0,0.0,0.0,28.21,,,,,,,0.9935482036183287,1.1320335077509405
elevator-unknown,1773731195554,2026-03-17 15:06:35.554,1773731195550,4,1,-0.57958984375,0.80615234375,0.009765625,-0.06103515625,0.67138671875,0.732421875,0,0,0,0.0,0.0,0.0,28.02,,,,,,,0.9929256546909281,0.9954532733337458
elevator-unknown,1773731195577,2026-03-17 15:06:35.577,1773731195574,3,1,-0.5830078125,0.80615234375,0.01220703125,-0.06103515625,0.79345703125,0.79345703125,0,0,0,0.0,0.0,0.0,27.83,,,,,,,0.994951618110947,1.1237764062208233
elevator-unknown,1773731195601,2026-03-17 15:06:35.601,1773731195600,1,1,-0.58251953125,0.806640625,0.0146484375,-0.244140625,0.732421875,0.67138671875,0,0,0,0.0,0.0,0.0,28.02,,,,,,,0.9950943065404916,1.0231356576074346
elevator-unknown,1773731195624,2026-03-17 15:06:35.624,1773731195624,0,1,-0.58203125,0.80810546875,0.01123046875,-0.18310546875,0.8544921875,0.67138671875,0,0,0,0.0,0.0,0.0,28.15,,,,,,,0.9959522820037938,1.1020184378215203
elevator-unknown,1773731195658,2026-03-17 15:06:35.658,1773731195649,9,1,-0.58203125,0.806640625,0.0126953125,-0.3662109375,0.732421875,0.732421875,0,0,0,0.0,0.0,0.0,28.09,,,,,,,0.9947817071279638,1.0986328125
elevator-unknown,1773731195680,2026-03-17 15:06:35.680,1773731195675,5,1,-0.5849609375,0.80712890625,0.009765625,-0.18310546875,0.79345703125,0.79345703125,0,0,0,0.0,0.0,0.0,28.34,,,,,,,0.9968609417249935,1.1369589849973851
elevator-unknown,1773731195703,2026-03-17 15:06:35.703,1773731195699,4,1,-0.58154296875,0.80908203125,0.01025390625,-0.244140625,0.67138671875,0.67138671875,0,0,0,0.0,0.0,0.0,28.02,,,,,,,0.9964492462677531,0.9803697756475226
elevator-unknown,1773731195726,2026-03-17 15:06:35.726,1773731195724,2,1,-0.58154296875,0.8056640625,0.01318359375,-0.18310546875,0.8544921875,0.732421875,0,0,0,0.0,0.0,0.0,28.15,,,,,,,0.9937105278956908,1.1402308161785526
elevator-unknown,1773731195749,2026-03-17 15:06:35.749,1773731195749,0,1,-0.58251953125,0.80712890625,0.01171875,-0.18310546875,0.67138671875,0.67138671875,0,0,0,0.0,0.0,0.0,28.15,,,,,,,0.9954513572714658,0.9669787303317176
elevator-unknown,1773731195783,2026-03-17 15:06:35.783,1773731195775,8,1,-0.58203125,0.8037109375,0.0107421875,-0.244140625,0.67138671875,0.6103515625,0,0,0,0.0,0.0,0.0,28.28,,,,,,,0.9923845230685415,0.9396242870080964
elevator-unknown,1773731195805,2026-03-17 15:06:35.805,1773731195799,6,1,-0.5830078125,0.80712890625,0.01220703125,0.0,0.67138671875,0.732421875,0,0,0,0.0,0.0,0.0,28.21,,,,,,,0.9957430353019271,0.9935803586486637
elevator-unknown,1773731195828,2026-03-17 15:06:35.828,1773731195824,4,1,-0.58056640625,0.80615234375,0.013671875,-0.06103515625,0.732421875,0.79345703125,0,0,0,0.0,0.0,0.0,28.15,,,,,,,0.9935420844461869,1.081545724284018
elevator-unknown,1773731195852,2026-03-17 15:06:35.852,1773731195850,2,1,-0.58251953125,0.80322265625,0.01220703125,-0.244140625,0.732421875,0.54931640625,0,0,0,0.0,0.0,0.0,28.28,,,,,,,0.9922926238831788,0.9475204282385269
elevator-unknown,1773731195875,2026-03-17 15:06:35.875,1773731195875,0,1,-0.58056640625,0.80712890625,0.01025390625,-0.244140625,0.79345703125,0.79345703125,0,0,0,0.0,0.0,0.0,28.15,,,,,,,0.9942935009159746,1.1483696119523181
elevator-unknown,1773731195901,2026-03-17 15:06:35.901,1773731195900,1,1,-0.5830078125,0.806640625,0.01220703125,-0.30517578125,0.6103515625,0.79345703125,0,0,0,0.0,0.0,0.0,28.02,,,,,,,0.9953472855985314,1.046534924284805
elevator-unknown,1773731195925,2026-03-17 15:06:35.925,1773731195925,0,1,-0.5810546875,0.80859375,0.01025390625,-0.1220703125,0.732421875,0.79345703125,0,0,0,0.0,0.0,0.0,28.09,,,,,,,0.9957678168118153,1.0867000619363316
elevator-unknown,1773731195959,2026-03-17 15:06:35.959,1773731195950,9,1,-0.58251953125,0.80615234375,0.01318359375,-0.1220703125,0.91552734375,0.732421875,0,0,0,0.0,0.0,0.0,28.15,,,,,,,0.9946780447790646,1.1787846628312968
elevator-unknown,1773731195983,2026-03-17 15:06:35.983,1773731195975,8,1,-0.5830078125,0.80615234375,0.01611328125,-0.06103515625,0.67138671875,0.732421875,0,0,0,0.0,0.0,0.0,28.15,,,,,,,0.995007210326787,0.9954532733337458
elevator-unknown,1773731196006,2026-03-17 15:06:36.006,1773731196000,6,1,-0.58203125,0.8076171875,0.009765625,0.0,0.67138671875,0.67138671875,0,0,0,0.0,0.0,0.0,28.21,,,,,,,0.9955406897528666,0.9494842032534208
elevator-unknown,1773731196030,2026-03-17 15:06:36.030,1773731196025,5,1,-0.58203125,0.80615234375,0.0126953125,-0.3662109375,0.8544921875,0.79345703125,0,0,0,0.0,0.0,0.0,27.96,,,,,,,0.9943858145959511,1.222228051422167
elevator-unknown,1773731196053,2026-03-17 15:06:36.053,1773731196049,4,1,-0.58349609375,0.80810546875,0.0126953125,-0.18310546875,0.6103515625,0.67138671875,0,0,0,0.0,0.0,0.0,28.15,,,,,,,0.9968266203330641,0.925643975103949
elevator-unknown,1773731196077,2026-03-17 15:06:36.077,1773731196075,2,1,-0.5810546875,0.806640625,0.01123046875,-0.18310546875,0.67138671875,0.67138671875,0,0,0,0.0,0.0,0.0,28.09,,,,,,,0.9941930251185923,0.9669787303317176
elevator-unknown,1773731196100,2026-03-17 15:06:36.100,1773731196100,0,1,-0.5830078125,0.80859375,0.01171875,-0.244140625,0.732421875,0.79345703125,0,0,0,0.0,0.0,0.0,28.09,,,,,,,0.9969249174720533,1.1070774625986972
elevator-unknown,1773731196125,2026-03-17 15:06:36.125,1773731196125,0,1,-0.58447265625,0.80908203125,0.013671875,-0.244140625,0.67138671875,0.79345703125,0,0,0,0.0,0.0,0.0,28.21,,,,,,,0.9982028548153788,1.0676791799643495
elevator-unknown,1773731196160,2026-03-17 15:06:36.160,1773731196151,9,1,-0.58349609375,0.80517578125,0.013671875,-0.244140625,0.67138671875,0.79345703125,0,0,0,0.0,0.0,0.0,27.96,,,,,,,0.994466012641494,1.0676791799643495
elevator-unknown,1773731196183,2026-03-17 15:06:36.183,1773731196175,8,1,-0.5830078125,0.8095703125,0.01171875,-0.244140625,0.732421875,0.67138671875,0,0,0,0.0,0.0,0.0,28.21,,,,,,,0.9977171590280209,1.0231356576074346
elevator-unknown,1773731196207,2026-03-17 15:06:36.207,1773731196200,7,1,-0.58349609375,0.8046875,0.0107421875,-0.06103515625,0.54931640625,0.6103515625,0,0,0,0.0,0.0,0.0,28.15,,,,,,,0.9940347371546147,0.8234092750996119
elevator-unknown,1773731196230,2026-03-17 15:06:36.230,1773731196224,6,1,-0.58251953125,0.80810546875,0.01123046875,-0.244140625,0.91552734375,0.732421875,0,0,0,0.0,0.0,0.0,28.28,,,,,,,0.996237710759697,1.1975962445281119
elevator-unknown,1773731196253,2026-03-17 15:06:36.253,1773731196249,4,1,-0.58203125,0.80712890625,0.0078125,-0.06103515625,0.79345703125,0.79345703125,0,0,0,0.0,0.0,0.0,28.15,,,,,,,0.995127369956798,1.1237764062208233
elevator-unknown,1773731196276,2026-03-17 15:06:36.276,1773731196275,1,1,-0.5810546875,0.80712890625,0.01318359375,-0.1220703125,0.6103515625,0.67138671875,0,0,0,0.0,0.0,0.0,28.02,,,,,,,0.9946132053789598,0.91552734375
elevator-unknown,1773731196309,2026-03-17 15:06:36.309,1773731196300,9,1,-0.5810546875,0.80712890625,0.01171875,-0.06103515625,0.6103515625,0.67138671875,0,0,0,0.0,0.0,0.0,28.34,,,,,,,0.9945948674066273,0.9094033462982996
elevator-unknown,1773731196332,2026-03-17 15:06:36.332,1773731196324,8,1,-0.5830078125,0.80810546875,0.01171875,-0.18310546875,0.732421875,0.6103515625,0,0,0,0.0,0.0,0.0,28.15,,,,,,,0.9965289193802932,0.9708235913444132
elevator-unknown,1773731196355,2026-03-17 15:06:36.355,1773731196350,5,1,-0.58203125,0.8056640625,0.01318359375,-0.30517578125,0.6103515625,0.79345703125,0,0,0,0.0,0.0,0.0,28.02,,,,,,,0.993996360518856,1.046534924284805
elevator-unknown,1773731196378,2026-03-17 15:06:36.378,1773731196375,3,1,-0.58447265625,0.80712890625,0.0126953125,-0.18310546875,0.6103515625,0.732421875,0,0,0,0.0,0.0,0.0,28.34,,,,,,,0.9966075095882655,0.9708235913444132
elevator-unknown,1773731196400,2026-03-17 15:06:36.400,1773731196400,0,1,-0.580078125,0.806640625,0.00830078125,-0.1220703125,0.67138671875,0.732421875,0,0,0,0.0,0.0,0.0,28.09,,,,,,,0.9935937962634763,1.0010509928501419
elevator-unknown,1773731196434,2026-03-17 15:06:36.434,1773731196426,8,1,-0.58203125,0.80859375,0.01318359375,-0.244140625,0.67138671875,0.79345703125,0,0,0,0.0,0.0,0.0,28.02,,,,,,,0.9963724382276891,1.0676791799643495
elevator-unknown,1773731196458,2026-03-17 15:06:36.458,1773731196450,8,1,-0.580078125,0.8095703125,0.0126953125,-0.18310546875,0.8544921875,0.732421875,0,0,0,0.0,0.0,0.0,28.09,,,,,,,0.9960200263771487,1.1402308161785526
elevator-unknown,1773731196481,2026-03-17 15:06:36.481,1773731196475,6,1,-0.58349609375,0.806640625,0.01220703125,-0.30517578125,0.732421875,0.6103515625,0,0,0,0.0,0.0,0.0,28.21,,,,,,,0.9956333667238347,1.0010509928501419
elevator-unknown,1773731196505,2026-03-17 15:06:36.505,1773731196500,5,1,-0.58349609375,0.80419921875,0.0126953125,-0.3662109375,0.79345703125,0.79345703125,0,0,0,0.0,0.0,0.0,28.15,,,,,,,0.9936625412176369,1.1803637454720286
elevator-unknown,1773731196529,2026-03-17 15:06:36.529,1773731196525,4,1,-0.5810546875,0.8076171875,0.01171875,-0.18310546875,0.8544921875,0.48828125,0,0,0,0.0,0.0,0.0,28.34,,,,,,,0.9949911559972255,1.0010509928501419
elevator-unknown,1773731196553,2026-03-17 15:06:36.553,1773731196550,3,1,-0.58154296875,0.8056640625,0.01220703125,0.0,0.54931640625,0.732421875,0,0,0,0.0,0.0,0.0,28.02,,,,,,,0.9936980515823234,0.91552734375
elevator-unknown,1773731196576,2026-03-17 15:06:36.576,1773731196574,2,1,-0.5849609375,0.80615234375,0.01123046875,-0.18310546875,0.79345703125,0.67138671875,0,0,0,0.0,0.0,0.0,28.02,,,,,,,0.9960858513014036,1.055396512804601
elevator-unknown,1773731196600,2026-03-17 15:06:36.600,1773731196600,0,1,-0.58154296875,0.8046875,0.01220703125,-0.244140625,0.8544921875,0.732421875,0,0,0,0.0,0.0,0.0,28.28,,,,,,,0.9929064451249936,1.1516090249092534
elevator-unknown,1773731196634,2026-03-17 15:06:36.634,1773731196625,9,1,-0.58251953125,0.80810546875,0.01123046875,-0.18310546875,0.6103515625,0.79345703125,0,0,0,0.0,0.0,0.0,28.21,,,,,,,0.996237710759697,1.0176594238606609
elevator-unknown,1773731196658,2026-03-17 15:06:36.658,1773731196650,8,1,-0.58251953125,0.8046875,0.01171875,-0.18310546875,0.732421875,0.67138671875,0,0,0,0.0,0.0,0.0,28.15,,,,,,,0.9934728511869523,1.0103116062772735
elevator-unknown,1773731196681,2026-03-17 15:06:36.681,1773731196675,6,1,-0.58349609375,0.80615234375,0.013671875,-0.18310546875,0.67138671875,0.732421875,0,0,0,0.0,0.0,0.0,28.15,,,,,,,0.9952568577614236,1.0103116062772735
elevator-unknown,1773731196705,2026-03-17 15:06:36.705,1773731196700,5,1,-0.58154296875,0.80712890625,0.01220703125,-0.244140625,0.732421875,0.67138671875,0,0,0,0.0,0.0,0.0,28.02,,,,,,,0.9948860776082974,1.0231356576074346
elevator-unknown,1773731196728,2026-03-17 15:06:36.728,1773731196725,3,1,-0.58349609375,0.806640625,0.01416015625,-0.06103515625,0.732421875,0.79345703125,0,0,0,0.0,0.0,0.0,27.96,,,,,,,0.9956592285249627,1.081545724284018
elevator-unknown,1773731196752,2026-03-17 15:06:36.752,1773731196750,2,1,-0.58203125,0.806640625,0.01025390625,-0.244140625,0.732421875,0.91552734375,0,0,0,0.0,0.0,0.0,28.21,,,,,,,0.9947535455932474,1.1975962445281119
elevator-unknown,1773731196775,2026-03-17 15:06:36.775,1773731196775,0,1,-0.5849609375,0.80615234375,0.009765625,-0.244140625,0.6103515625,0.67138671875,0,0,0,0.0,0.0,0.0,28.09,,,,,,,0.9960704127551112,0.9396242870080964
elevator-unknown,1773731196810,2026-03-17 15:06:36.810,1773731196801,9,1,-0.5849609375,0.80859375,0.01123046875,-0.30517578125,0.8544921875,0.67138671875,0,0,0,0.0,0.0,0.0,28.21,,,,,,,0.9980627607361604,1.1287379155826984
elevator-unknown,1773731196832,2026-03-17 15:06:36.832,1773731196825,7,1,-0.5810546875,0.806640625,0.01123046875,-0.3662109375,0.8544921875,0.732421875,0,0,0,0.0,0.0,0.0,28.02,,,,,,,0.9941930251185923,1.1835155901895333
elevator-unknown,1773731196855,2026-03-17 15:06:36.855,1773731196849,6,1,-0.58447265625,0.80908203125,0.01220703125,-0.1220703125,0.732421875,0.732421875,0,0,0,0.0,0.0,0.0,28.34,,,,,,,0.9981838662328174,1.0429692071920815
elevator-unknown,1773731196878,2026-03-17 15:06:36.878,1773731196875,3,1,-0.5810546875,0.80712890625,0.0146484375,-0.06103515625,0.79345703125,0.8544921875,0,0,0,0.0,0.0,0.0,28.15,,,,,,,0.994633700359703,1.167671293317199
elevator-unknown,1773731196901,2026-03-17 15:06:36.901,1773731196900,1,1,-0.58251953125,0.80517578125,0.01171875,-0.18310546875,0.6103515625,0.79345703125,0,0,0,0.0,0.0,0.0,28.34,,,,,,,0.9938683877158132,1.0176594238606609
elevator-unknown,1773731196934,2026-03-17 15:06:36.934,1773731196925,9,1,-0.583984375,0.8056640625,0.01123046875,-0.244140625,0.6103515625,0.732421875,0,0,0,0.0,0.0,0.0,28.09,,,,,,,0.9951173072942151,0.9841623227903503
elevator-unknown,1773731196957,2026-03-17 15:06:36.957,1773731196949,8,1,-0.5810546875,0.8046875,0.01220703125,-0.3662109375,0.79345703125,0.79345703125,0,0,0,0.0,0.0,0.0,28.02,,,,,,,0.9926205388434752,1.1803637454720286
elevator-unknown,1773731196979,2026-03-17 15:06:36.979,1773731196975,4,1,-0.58251953125,0.80615234375,0.00927734375,-0.18310546875,0.6103515625,0.79345703125,0,0,0,0.0,0.0,0.0,28.09,,,,,,,0.9946339400645815,1.0176594238606609
elevator-unknown,1773731197002,2026-03-17 15:06:37.002,1773731196999,3,1,-0.58203125,0.8076171875,0.01171875,-0.244140625,0.67138671875,0.79345703125,0,0,0,0.0,0.0,0.0,28.15,,,,,,,0.995561764343898,1.0676791799643495
elevator-unknown,1773731197025,2026-03-17 15:06:37.025,1773731197025,0,1,-0.58251953125,0.80859375,0.01318359375,0.0,0.8544921875,0.67138671875,0,0,0,0.0,0.0,0.0,28.09,,,,,,,0.9966577466567684,1.0867000619363316
elevator-unknown,1773731197059,2026-03-17 15:06:37.059,1773731197051,8,1,-0.58154296875,0.80615234375,0.01416015625,-0.1220703125,0.79345703125,0.54931640625,0,0,0,0.0,0.0,0.0,28.28,,,,,,,0.9941198800251436,0.9727403229070574
elevator-unknown,1773731197083,2026-03-17 15:06:37.083,1773731197074,9,1,-0.58349609375,0.8076171875,0.01220703125,-0.30517578125,0.6103515625,0.732421875,0,0,0,0.0,0.0,0.0,27.96,,,,,,,0.996424720979391,1.0010509928501419
elevator-unknown,1773731197107,2026-03-17 15:06:37.107,1773731197100,7,1,-0.58154296875,0.80810546875,0.0107421875,-0.1220703125,0.732421875,0.732421875,0,0,0,0.0,0.0,0.0,28.34,,,,,,,0.9956616231021992,1.0429692071920815
elevator-unknown,1773731197130,2026-03-17 15:06:37.130,1773731197125,5,1,-0.583984375,0.8076171875,0.009765625,-0.30517578125,0.67138671875,0.67138671875,0,0,0,0.0,0.0,0.0,28.15,,,,,,,0.9966838210893119,0.9973226707988398
elevator-unknown,1773731197154,2026-03-17 15:06:37.154,1773731197150,4,1,-0.58349609375,0.8056640625,0.01123046875,-0.18310546875,0.67138671875,0.67138671875,0,0,0,0.0,0.0,0.0,28.09,,,,,,,0.9948308381096042,0.9669787303317176
elevator-unknown,1773731197177,2026-03-17 15:06:37.177,1773731197174,3,1,-0.58154296875,0.8037109375,0.013671875,-0.1220703125,0.67138671875,0.79345703125,0,0,0,0.0,0.0,0.0,28.34,,,,,,,0.9921342730324902,1.046534924284805
elevator-unknown,1773731197201,2026-03-17 15:06:37.201,1773731197200,1,1,-0.58203125,0.80419921875,0.01171875,-0.244140625,0.732421875,0.732421875,0,0,0,0.0,0.0,0.0,28.15,,,,,,,0.9927910598490678,1.0641843123878598
elevator-unknown,1773731197225,2026-03-17 15:06:37.225,1773731197225,0,1,-0.58154296875,0.80859375,0.01220703125,-0.244140625,0.732421875,0.79345703125,0,0,0,0.0,0.0,0.0,28.15,,,,,,,0.9960748408897618,1.1070774625986972
elevator-unknown,1773731197260,2026-03-17 15:06:37.260,1773731197251,9,1,-0.58447265625,0.80419921875,0.013671875,-0.244140625,0.6103515625,0.79345703125,0,0,0,0.0,0.0,0.0,28.15,,,,,,,0.9942492592444093,1.030392029793343
elevator-unknown,1773731197283,2026-03-17 15:06:37.283,1773731197275,8,1,-0.58203125,0.806640625,0.0107421875,-0.1220703125,0.67138671875,0.732421875,0,0,0,0.0,0.0,0.0,27.96,,,,,,,0.9947586986145124,1.0010509928501419
elevator-unknown,1773731197306,2026-03-17 15:06:37.306,1773731197300,6,1,-0.5830078125,0.806640625,0.01123046875,-0.30517578125,0.67138671875,0.79345703125,0,0,0,0.0,0.0,0.0,28.28,,,,,,,0.9953357879453398,1.0832665618468535
elevator-unknown,1773731197330,2026-03-17 15:06:37.330,1773731197325,5,1,-0.58447265625,0.802734375,0.009765625,-0.06103515625,0.54931640625,0.6103515625,0,0,0,0.0,0.0,0.0,28.47,,,,,,,0.9930186957667071,0.8234092750996119
elevator-unknown,1773731197353,2026-03-17 15:06:37.353,1773731197349,4,1,-0.5830078125,0.80517578125,0.01171875,-0.30517578125,0.54931640625,0.732421875,0,0,0,0.0,0.0,0.0,28.21,,,,,,,0.9941546545931098,0.9650505554713071
elevator-unknown,1773731197377,2026-03-17 15:06:37.377,1773731197375,2,1,-0.58203125,0.80517578125,0.013671875,-0.18310546875,0.54931640625,0.732421875,0,0,0,0.0,0.0,0.0,28.02,,,,,,,0.9936072336965578,0.9336583582018039
elevator-unknown,1773731197400,2026-03-17 15:06:37.400,1773731197399,1,1,-0.5830078125,0.80859375,0.01171875,-0.1220703125,0.67138671875,0.67138671875,0,0,0,0.0,0.0,0.0,28.09,,,,,,,0.9969249174720533,0.9572990198582838
elevator-unknown,1773731197435,2026-03-17 15:06:37.435,1773731197427,8,1,-0.58447265625,0.806640625,0.01318359375,-0.1220703125,0.67138671875,0.67138671875,0,0,0,0.0,0.0,0.0,28.21,,,,,,,0.9962184453966341,0.9572990198582838
elevator-unknown,1773731197459,2026-03-17 15:06:37.459,1773731197450,9,1,-0.57861328125,0.80615234375,0.013671875,-0.30517578125,0.732421875,0.732421875,0,0,0,0.0,0.0,0.0,28.02,,,,,,,0.9924020610309742,1.079822144345345
elevator-unknown,1773731197483,2026-03-17 15:06:37.483,1773731197475,8,1,-0.5830078125,0.806640625,0.01123046875,-0.1220703125,0.8544921875,0.732421875,0,0,0,0.0,0.0,0.0,28.34,,,,,,,0.9953357879453398,1.1320335077509405
elevator-unknown,1773731197506,2026-03-17 15:06:37.506,1773731197500,6,1,-0.5830078125,0.8056640625,0.01123046875,-0.18310546875,0.67138671875,0.6103515625,0,0,0,0.0,0.0,0.0,27.96,,,,,,,0.9945445261366551,0.925643975103949
elevator-unknown,1773731197530,2026-03-17 15:06:37.530,1773731197525,5,1,-0.5810546875,0.80517578125,0.01123046875,-0.18310546875,0.67138671875,0.732421875,0,0,0,0.0,0.0,0.0,28.09,,,,,,,0.9930048902224073,1.0103116062772735
elevator-unknown,1773731197553,2026-03-17 15:06:37.553,1773731197550,3,1,-0.58349609375,0.80712890625,0.0126953125,-0.1220703125,0.79345703125,0.732421875,0,0,0,0.0,0.0,0.0,28.02,,,,,,,0.996035106653025,1.0867000619363316
elevator-unknown,1773731197577,2026-03-17 15:06:37.577,1773731197575,2,1,-0.58154296875,0.806640625,0.0126953125,-0.30517578125,0.732421875,0.67138671875,0,0,0,0.0,0.0,0.0,28.21,,,,,,,0.9944961002248459,1.0393912576859377
elevator-unknown,1773731197600,2026-03-17 15:06:37.600,1773731197600,0,1,-0.58203125,0.8076171875,0.013671875,-0.30517578125,0.6103515625,0.67138671875,0,0,0,0.0,0.0,0.0,28.09,,,,,,,0.9955866701036069,0.9572990198582838
elevator-unknown,1773731197635,2026-03-17 15:06:37.635,1773731197626,9,1,-0.58154296875,0.80615234375,0.0146484375,-0.244140625,0.79345703125,0.67138671875,0,0,0,0.0,0.0,0.0,28.02,,,,,,,0.9941269549496046,1.0676791799643495
elevator-unknown,1773731197659,2026-03-17 15:06:37.659,1773731197650,9,1,-0.5830078125,0.8056640625,0.01171875,-0.1220703125,0.67138671875,0.6103515625,0,0,0,0.0,0.0,0.0,28.09,,,,,,,0.9945501596911045,0.91552734375
elevator-unknown,1773731197682,2026-03-17 15:06:37.682,1773731197674,8,1,-0.58251953125,0.80517578125,0.01171875,-0.30517578125,0.79345703125,0.79345703125,0,0,0,0.0,0.0,0.0,28.09,,,,,,,0.9938683877158132,1.1628759084019562
elevator-unknown,1773731197705,2026-03-17 15:06:37.705,1773731197700,5,1,-0.5810546875,0.8046875,0.0146484375,-0.18310546875,0.67138671875,0.6103515625,0,0,0,0.0,0.0,0.0,27.77,,,,,,,0.9926535645647802,0.925643975103949
elevator-unknown,1773731197729,2026-03-17 15:06:37.729,1773731197725,4,1,-0.5830078125,0.81005859375,0.01513671875,-0.06103515625,0.732421875,0.79345703125,0,0,0,0.0,0.0,0.0,28.09,,,,,,,0.9981593835649591,1.081545724284018
elevator-unknown,1773731197753,2026-03-17 15:06:37.753,1773731197750,3,1,-0.5810546875,0.8076171875,0.01318359375,-0.3662109375,0.6103515625,0.67138671875,0,0,0,0.0,0.0,0.0,28.02,,,,,,,0.9950094866659804,0.9784679896167845
elevator-unknown,1773731197776,2026-03-17 15:06:37.776,1773731197775,1,1,-0.58251953125,0.8076171875,0.01123046875,-0.244140625,0.67138671875,0.67138671875,0,0,0,0.0,0.0,0.0,28.28,,,,,,,0.995841678813191,0.9803697756475226
elevator-unknown,1773731197800,2026-03-17 15:06:37.800,1773731197800,0,1,-0.58154296875,0.806640625,0.01318359375,-0.1220703125,0.8544921875,0.8544921875,0,0,0,0.0,0.0,0.0,28.15,,,,,,,0.9945024532634996,1.214584273811792
elevator-unknown,1773731197835,2026-03-17 15:06:37.835,1773731197825,10,1,-0.5830078125,0.8056640625,0.01220703125,-0.18310546875,0.79345703125,0.67138671875,0,0,0,0.0,0.0,0.0,28.34,,,,,,,0.9945560329372989,1.055396512804601
elevator-unknown,1773731197858,2026-03-17 15:06:37.858,1773731197850,8,1,-0.583984375,0.80810546875,0.01123046875,-0.1220703125,0.8544921875,0.79345703125,0,0,0,0.0,0.0,0.0,28.02,,,,,,,0.9970949414655269,1.1724470649596281
elevator-unknown,1773731197882,2026-03-17 15:06:37.882,1773731197875,7,1,-0.58251953125,0.806640625,0.01025390625,-0.244140625,0.732421875,0.6103515625,0,0,0,0.0,0.0,0.0,28.02,,,,,,,0.9950393182088304,0.9841623227903503
elevator-unknown,1773731197905,2026-03-17 15:06:37.905,1773731197900,5,1,-0.5810546875,0.8037109375,0.01171875,-0.18310546875,0.732421875,0.6103515625,0,0,0,0.0,0.0,0.0,28.09,,,,,,,0.9918231445295145,0.9708235913444132
elevator-unknown,1773731197929,2026-03-17 15:06:37.929,1773731197925,4,1,-0.58203125,0.806640625,0.01220703125,0.0,0.67138671875,0.732421875,0,0,0,0.0,0.0,0.0,28.09,,,,,,,0.9947755955434832,0.9935803586486637
elevator-unknown,1773731197953,2026-03-17 15:06:37.953,1773731197951,2,1,-0.58251953125,0.8076171875,0.01318359375,-0.244140625,0.79345703125,0.79345703125,0,0,0,0.0,0.0,0.0,28.02,,,,,,,0.9958656199394047,1.1483696119523181
elevator-unknown,1773731197977,2026-03-17 15:06:37.977,1773731197975,2,1,-0.58251953125,0.8076171875,0.01123046875,-0.18310546875,0.67138671875,0.67138671875,0,0,0,0.0,0.0,0.0,28.15,,,,,,,0.995841678813191,0.9669787303317176
elevator-unknown,1773731198000,2026-03-17 15:06:38.000,1773731198000,0,1,-0.57958984375,0.80712890625,0.0107421875,-0.18310546875,0.732421875,0.732421875,0,0,0,0.0,0.0,0.0,28.15,,,,,,,0.9937287622257674,1.0518608361580863
elevator-unknown,1773731198034,2026-03-17 15:06:38.034,1773731198025,9,1,-0.5810546875,0.80712890625,0.01123046875,-0.18310546875,0.732421875,0.6103515625,0,0,0,0.0,0.0,0.0,28.21,,,,,,,0.9945892341054113,0.9708235913444132
elevator-unknown,1773731198057,2026-03-17 15:06:38.057,1773731198049,8,1,-0.5849609375,0.8076171875,0.01123046875,-0.244140625,0.732421875,0.79345703125,0,0,0,0.0,0.0,0.0,28.15,,,,,,,0.997271750013322,1.1070774625986972
elevator-unknown,1773731198080,2026-03-17 15:06:38.080,1773731198074,6,1,-0.58203125,0.8046875,0.0107421875,-0.18310546875,0.732421875,0.79345703125,0,0,0,0.0,0.0,0.0,28.28,,,,,,,0.9931755852945126,1.0952367214920875
elevator-unknown,1773731198103,2026-03-17 15:06:38.103,1773731198099,4,1,-0.58154296875,0.8076171875,0.01318359375,-0.244140625,0.67138671875,0.732421875,0,0,0,0.0,0.0,0.0,28.15,,,,,,,0.9952947067035666,1.0231356576074346
elevator-unknown,1773731198125,2026-03-17 15:06:38.125,1773731198124,1,1,-0.5849609375,0.8076171875,0.01123046875,-0.244140625,0.732421875,0.6103515625,0,0,0,0.0,0.0,0.0,28.21,,,,,,,0.997271750013322,0.9841623227903503
elevator-unknown,1773731198159,2026-03-17 15:06:38.159,1773731198150,9,1,-0.58349609375,0.8056640625,0.01416015625,-0.1220703125,0.6103515625,0.732421875,0,0,0,0.0,0.0,0.0,28.15,,,,,,,0.9948682239626196,0.9611826018080823
elevator-unknown,1773731198181,2026-03-17 15:06:38.181,1773731198175,6,1,-0.5830078125,0.80810546875,0.01416015625,-0.1220703125,0.732421875,0.67138671875,0,0,0,0.0,0.0,0.0,28.15,,,,,,,0.996560619372809,1.0010509928501419
elevator-unknown,1773731198204,2026-03-17 15:06:38.204,1773731198199,5,1,-0.580078125,0.80712890625,0.0126953125,-0.1220703125,0.732421875,0.732421875,0,0,0,0.0,0.0,0.0,28.34,,,,,,,0.9940366559475106,1.0429692071920815
elevator-unknown,1773731198227,2026-03-17 15:06:38.227,1773731198224,3,1,-0.5830078125,0.80712890625,0.01025390625,-0.18310546875,0.67138671875,0.67138671875,0,0,0,0.0,0.0,0.0,28.28,,,,,,,0.9957210067753619,0.9669787303317176
elevator-unknown,1773731198250,2026-03-17 15:06:38.250,1773731198250,0,1,-0.58203125,0.8046875,0.01123046875,-0.30517578125,0.732421875,0.732421875,0,0,0,0.0,0.0,0.0,27.96,,,,,,,0.9931809865584204,1.079822144345345
elevator-unknown,1773731198285,2026-03-17 15:06:38.285,1773731198276,9,1,-0.583984375,0.8076171875,0.01513671875,-0.06103515625,0.67138671875,0.732421875,0,0,0,0.0,0.0,0.0,28.21,,,,,,,0.9967509177543141,0.9954532733337458
elevator-unknown,1773731198309,2026-03-17 15:06:38.309,1773731198300,9,1,-0.58349609375,0.8046875,0.01318359375,-0.18310546875,0.6103515625,0.79345703125,0,0,0,0.0,0.0,0.0,27.96,,,,,,,0.9940641182649759,1.0176594238606609
elevator-unknown,1773731198333,2026-03-17 15:06:38.333,1773731198325,8,1,-0.58154296875,0.8056640625,0.00830078125,-0.3662109375,0.67138671875,0.732421875,0,0,0,0.0,0.0,0.0,28.02,,,,,,,0.9936577424223734,1.0589203840879804
elevator-unknown,1773731198357,2026-03-17 15:06:38.357,1773731198350,7,1,-0.5849609375,0.80517578125,0.0107421875,-0.30517578125,0.79345703125,0.732421875,0,0,0,0.0,0.0,0.0,28.15,,,,,,,0.9952902750980298,1.1221176947540428
elevator-unknown,1773731198381,2026-03-17 15:06:38.381,1773731198375,6,1,-0.58056640625,0.80810546875,0.01171875,-0.1220703125,0.732421875,0.732421875,0,0,0,0.0,0.0,0.0,28.21,,,,,,,0.9951025724975591,1.0429692071920815
elevator-unknown,1773731198404,2026-03-17 15:06:38.404,1773731198399,5,1,-0.58251953125,0.80810546875,0.01123046875,-0.1220703125,0.67138671875,0.67138671875,0,0,0,0.0,0.0,0.0,28.15,,,,,,,0.996237710759697,0.9572990198582838
elevator-unknown,1773731198428,2026-03-17 15:06:38.428,1773731198424,4,1,-0.58251953125,0.80615234375,0.01513671875,-0.18310546875,0.79345703125,0.54931640625,0,0,0,0.0,0.0,0.0,28.09,,,,,,,0.9947058489200988,0.9822678796039478
elevator-unknown,1773731198449,2026-03-17 15:06:38.449,1773731198449,0,1,-0.5849609375,0.806640625,0.01220703125,-0.18310546875,0.6103515625,0.732421875,0,0,0,0.0,0.0,0.0,28.34,,,,,,,0.9964925528638977,0.9708235913444132
elevator-unknown,1773731198482,2026-03-17 15:06:38.482,1773731198474,8,1,-0.58251953125,0.8056640625,0.009765625,-0.244140625,0.54931640625,0.67138671875,0,0,0,0.0,0.0,0.0,28.09,,,,,,,0.9942429045878901,0.9011732824849488
elevator-unknown,1773731198503,2026-03-17 15:06:38.503,1773731198499,4,1,-0.58154296875,0.8056640625,0.0126953125,-0.18310546875,0.8544921875,0.732421875,0,0,0,0.0,0.0,0.0,28.28,,,,,,,0.9937041697940288,1.1402308161785526
elevator-unknown,1773731198525,2026-03-17 15:06:38.525,1773731198524,1,1,-0.58056640625,0.8056640625,0.01318359375,-0.18310546875,0.67138671875,0.67138671875,0,0,0,0.0,0.0,0.0,28.28,,,,,,,0.9931393360522022,0.9669787303317176
elevator-unknown,1773731198557,2026-03-17 15:06:38.557,1773731198549,8,1,-0.5849609375,0.806640625,0.01171875,-0.30517578125,0.6103515625,0.67138671875,0,0,0,0.0,0.0,0.0,28.15,,,,,,,0.9964866910314618,0.9572990198582838
elevator-unknown,1773731198578,2026-03-17 15:06:38.578,1773731198573,5,1,-0.58447265625,0.80615234375,0.01171875,-0.30517578125,0.6103515625,0.8544921875,0,0,0,0.0,0.0,0.0,28.15,,,,,,,0.9958048083530785,1.0935347208965402
elevator-unknown,1773731198600,2026-03-17 15:06:38.600,1773731198599,1,1,-0.58203125,0.80712890625,0.00927734375,-0.06103515625,0.67138671875,0.6103515625,0,0,0,0.0,0.0,0.0,28.15,,,,,,,0.9951399481419382,0.9094033462982996
elevator-unknown,1773731198632,2026-03-17 15:06:38.632,1773731198624,8,1,-0.58447265625,0.80517578125,0.01025390625,-0.30517578125,0.79345703125,0.67138671875,0,0,0,0.0,0.0,0.0,28.21,,,,,,,0.9949982247264878,1.0832665618468535
elevator-unknown,1773731198653,2026-03-17 15:06:38.653,1773731198649,4,1,-0.583984375,0.8095703125,0.013671875,-0.244140625,0.67138671875,0.67138671875,0,0,0,0.0,0.0,0.0,28.15,,,,,,,0.9983129575897048,0.9803697756475226
elevator-unknown,1773731198675,2026-03-17 15:06:38.675,1773731198674,1,1,-0.583984375,0.80859375,0.01318359375,-0.244140625,0.732421875,0.79345703125,0,0,0,0.0,0.0,0.0,27.96,,,,,,,0.9975146163978592,1.1070774625986972
elevator-unknown,1773731198707,2026-03-17 15:06:38.707,1773731198699,8,1,-0.58154296875,0.8076171875,0.01220703125,-0.18310546875,0.6103515625,0.67138671875,0,0,0,0.0,0.0,0.0,28.21,,,,,,,0.9952822502485976,0.925643975103949
elevator-unknown,1773731198728,2026-03-17 15:06:38.728,1773731198723,5,1,-0.5830078125,0.80615234375,0.015625,-0.18310546875,0.6103515625,0.732421875,0,0,0,0.0,0.0,0.0,28.15,,,,,,,0.9949994228112161,0.9708235913444132
elevator-unknown,1773731198749,2026-03-17 15:06:38.749,1773731198749,0,1,-0.5830078125,0.8076171875,0.01220703125,-0.18310546875,0.6103515625,0.732421875,0,0,0,0.0,0.0,0.0,28.15,,,,,,,0.9961388671231455,0.9708235913444132
elevator-unknown,1773731198781,2026-03-17 15:06:38.781,1773731198774,7,1,-0.58203125,0.80859375,0.01171875,0.0,0.67138671875,0.67138671875,0,0,0,0.0,0.0,0.0,28.15,,,,,,,0.9963541326341692,0.9494842032534208
elevator-unknown,1773731198803,2026-03-17 15:06:38.803,1773731198799,4,1,-0.58447265625,0.80810546875,0.0126953125,-0.18310546875,0.67138671875,0.79345703125,0,0,0,0.0,0.0,0.0,28.34,,,,,,,0.9973985690219636,1.055396512804601
elevator-unknown,1773731198824,2026-03-17 15:06:38.824,1773731198823,1,1,-0.58056640625,0.80615234375,0.01416015625,0.06103515625,0.732421875,0.6103515625,0,0,0,0.0,0.0,0.0,28.09,,,,,,,0.9935489235184559,0.9553513087462481
elevator-unknown,1773731198856,2026-03-17 15:06:38.856,1773731198849,7,1,-0.58642578125,0.80810546875,0.013671875,-0.244140625,0.6103515625,0.732421875,0,0,0,0.0,0.0,0.0,28.15,,,,,,,0.9985572420769606,0.9841623227903503
elevator-unknown,1773731198877,2026-03-17 15:06:38.877,1773731198874,3,1,-0.58154296875,0.80810546875,0.01318359375,-0.06103515625,0.79345703125,0.6103515625,0,0,0,0.0,0.0,0.0,28.21,,,,,,,0.9956909562059835,1.0029099563693227
elevator-unknown,1773731198909,2026-03-17 15:06:38.909,1773731198899,10,1,-0.58251953125,0.80712890625,0.01220703125,-0.244140625,0.79345703125,0.732421875,0,0,0,0.0,0.0,0.0,28.02,,,,,,,0.9954572252005505,1.1070774625986972
elevator-unknown,1773731198931,2026-03-17 15:06:38.931,1773731198924,7,1,-0.58251953125,0.806640625,0.01220703125,-0.244140625,0.54931640625,0.732421875,0,0,0,0.0,0.0,0.0,28.09,,,,,,,0.9950613618265202,0.9475204282385269
elevator-unknown,1773731198952,2026-03-17 15:06:38.952,1773731198948,4,1,-0.5830078125,0.80908203125,0.01123046875,-0.06103515625,0.79345703125,0.6103515625,0,0,0,0.0,0.0,0.0,28.15,,,,,,,0.9973153794843463,1.0029099563693227
elevator-unknown,1773731198974,2026-03-17 15:06:38.974,1773731198974,0,1,-0.58154296875,0.8076171875,0.009765625,-0.30517578125,0.67138671875,0.79345703125,0,0,0,0.0,0.0,0.0,28.02,,,,,,,0.9952553006538645,1.0832665618468535
elevator-unknown,1773731199006,2026-03-17 15:06:39.006,1773731198999,7,1,-0.5810546875,0.80810546875,0.01171875,0.0,0.732421875,0.732421875,0,0,0,0.0,0.0,0.0,28.21,,,,,,,0.9953875263388338,1.0358009490037317
elevator-unknown,1773731199027,2026-03-17 15:06:39.027,1773731199024,3,1,-0.58349609375,0.8076171875,0.015625,-0.18310546875,0.67138671875,0.6103515625,0,0,0,0.0,0.0,0.0,28.02,,,,,,,0.9964724550091282,0.925643975103949
elevator-unknown,1773731199049,2026-03-17 15:06:39.049,1773731199049,0,1,-0.5810546875,0.8076171875,0.01123046875,-0.30517578125,0.67138671875,0.732421875,0,0,0,0.0,0.0,0.0,28.15,,,,,,,0.9949855249396734,1.0393912576859377
