elevator_id,ts_ms,ts,data_ts_ms,data_age_ms,is_new_frame,Ax,Ay,Az,Gx,Gy,Gz,vx,vy,vz,ax,ay,az,t,sx,sy,sz,fx,fy,fz,A_mag,G_mag
elevator-unknown,1773732118129,2026-03-17 15:21:58.129,1773732118123,6,1,-0.58203125,0.8056640625,0.0107421875,-0.244140625,0.67138671875,0.732421875,0,0,0,0.0,0.0,0.0,28.02,,,,,,,0.9939669774056136,1.0231356576074346
elevator-unknown,1773732118153,2026-03-17 15:21:58.153,1773732118149,4,1,-0.5859375,0.8056640625,0.0126953125,-0.1220703125,0.67138671875,0.732421875,0,0,0,0.0,0.0,0.0,28.15,,,,,,,0.9962823427471384,1.0010509928501419
elevator-unknown,1773732118176,2026-03-17 15:21:58.176,1773732118173,3,1,-0.58349609375,0.80517578125,0.01123046875,-0.244140625,0.79345703125,0.79345703125,0,0,0,0.0,0.0,0.0,28.02,,,,,,,0.9944354446425375,1.1483696119523181
elevator-unknown,1773732118199,2026-03-17 15:21:58.199,1773732118198,1,1,-0.58251953125,0.80859375,0.01171875,-0.3662109375,0.79345703125,0.732421875,0,0,0,0.0,0.0,0.0,27.77,,,,,,,0.9966394463035991,1.1402308161785526
elevator-unknown,1773732118234,2026-03-17 15:21:58.234,1773732118225,9,1,-0.58203125,0.806640625,0.0126953125,-0.18310546875,0.6103515625,0.67138671875,0,0,0,0.0,0.0,0.0,28.09,,,,,,,0.9947817071279638,0.925643975103949
elevator-unknown,1773732118257,2026-03-17 15:21:58.257,1773732118249,8,1,-0.5849609375,0.80322265625,0.013671875,-0.244140625,0.79345703125,0.67138671875,0,0,0,0.0,0.0,0.0,28.02,,,,,,,0.9937468762618579,1.0676791799643495
elevator-unknown,1773732118281,2026-03-17 15:21:58.281,1773732118273,8,1,-0.58203125,0.80712890625,0.01171875,-0.06103515625,0.67138671875,0.6103515625,0,0,0,0.0,0.0,0.0,27.96,,,,,,,0.9951657029773716,0.9094033462982996
elevator-unknown,1773732118305,2026-03-17 15:21:58.305,1773732118298,7,1,-0.5830078125,0.8076171875,0.01171875,-0.1220703125,0.67138671875,0.732421875,0,0,0,0.0,0.0,0.0,27.96,,,,,,,0.9961330032094147,1.0010509928501419
elevator-unknown,1773732118328,2026-03-17 15:21:58.328,1773732118323,5,1,-0.583984375,0.8095703125,0.0146484375,-0.1220703125,0.79345703125,0.67138671875,0,0,0,0.0,0.0,0.0,28.09,,,,,,,0.998326809139512,1.046534924284805
elevator-unknown,1773732118352,2026-03-17 15:21:58.352,1773732118352,0,1,-0.5849609375,0.80712890625,0.01416015625,-0.244140625,0.732421875,0.732421875,0,0,0,0.0,0.0,0.0,27.96,,,,,,,0.9969136771708094,1.0641843123878598
elevator-unknown,1773732118376,2026-03-17 15:21:58.376,1773732118375,1,1,-0.58056640625,0.8076171875,0.0107421875,-0.18310546875,0.54931640625,0.732421875,0,0,0,0.0,0.0,0.0,28.21,,,,,,,0.9946950629231731,0.9336583582018039
elevator-unknown,1773732118400,2026-03-17 15:21:58.400,1773732118399,1,1,-0.5830078125,0.8076171875,0.01611328125,0.1220703125,0.67138671875,0.54931640625,0,0,0,0.0,0.0,0.0,27.96,,,,,,,0.9961943930850479,0.8760192928715408
elevator-unknown,1773732118423,2026-03-17 15:21:58.423,1773732118422,1,1,-0.58544921875,0.80712890625,0.01416015625,-0.244140625,0.6103515625,0.67138671875,0,0,0,0.0,0.0,0.0,28.02,,,,,,,0.9972002652749,0.9396242870080964
elevator-unknown,1773732118455,2026-03-17 15:21:58.455,1773732118448,7,1,-0.5830078125,0.8046875,0.01171875,-0.18310546875,0.732421875,0.67138671875,0,0,0,0.0,0.0,0.0,28.02,,,,,,,0.993759232004336,1.0103116062772735
elevator-unknown,1773732118477,2026-03-17 15:21:58.477,1773732118472,5,1,-0.58447265625,0.80517578125,0.01318359375,-0.1220703125,0.732421875,0.6103515625,0,0,0,0.0,0.0,0.0,27.96,,,,,,,0.9950327289891743,0.9611826018080823
elevator-unknown,1773732118499,2026-03-17 15:21:58.499,1773732118498,1,1,-0.583984375,0.80859375,0.013671875,-0.30517578125,0.79345703125,0.8544921875,0,0,0,0.0,0.0,0.0,27.96,,,,,,,0.9975211892231757,1.2053477574543152
elevator-unknown,1773732118530,2026-03-17 15:21:58.530,1773732118523,7,1,-0.58154296875,0.8076171875,0.009765625,0.0,0.54931640625,0.67138671875,0,0,0,0.0,0.0,0.0,28.02,,,,,,,0.9952553006538645,0.8674725588105405
elevator-unknown,1773732118552,2026-03-17 15:21:58.552,1773732118547,5,1,-0.58447265625,0.80517578125,0.01171875,-0.244140625,0.732421875,0.732421875,0,0,0,0.0,0.0,0.0,28.09,,,,,,,0.9950143987486015,1.0641843123878598
elevator-unknown,1773732118573,2026-03-17 15:21:58.573,1773732118573,0,1,-0.583984375,0.80712890625,0.0107421875,-0.244140625,0.91552734375,0.79345703125,0,0,0,0.0,0.0,0.0,27.96,,,,,,,0.9962982566183417,1.235867720417272
elevator-unknown,1773732118605,2026-03-17 15:21:58.605,1773732118598,7,1,-0.58251953125,0.8076171875,0.01025390625,-0.30517578125,0.8544921875,0.79345703125,0,0,0,0.0,0.0,0.0,28.15,,,,,,,0.9958311445353141,1.2053477574543152
elevator-unknown,1773732118627,2026-03-17 15:21:58.627,1773732118623,4,1,-0.58154296875,0.806640625,0.01171875,-0.06103515625,0.67138671875,0.67138671875,0,0,0,0.0,0.0,0.0,27.96,,,,,,,0.994484113248933,0.951443925056146
elevator-unknown,1773732118648,2026-03-17 15:21:58.648,1773732118647,1,1,-0.58203125,0.8056640625,0.013671875,-0.1220703125,0.732421875,0.732421875,0,0,0,0.0,0.0,0.0,27.96,,,,,,,0.9940029566085716,1.0429692071920815
elevator-unknown,1773732118680,2026-03-17 15:21:58.680,1773732118672,8,1,-0.58349609375,0.80810546875,0.01318359375,-0.1220703125,0.67138671875,0.732421875,0,0,0,0.0,0.0,0.0,28.15,,,,,,,0.9968329585187937,1.0010509928501419
elevator-unknown,1773732118702,2026-03-17 15:21:58.702,1773732118697,5,1,-0.58251953125,0.80419921875,0.0126953125,-0.18310546875,0.67138671875,0.79345703125,0,0,0,0.0,0.0,0.0,28.09,,,,,,,0.9930894011544493,1.055396512804601
elevator-unknown,1773732118724,2026-03-17 15:21:58.724,1773732118722,2,1,-0.5830078125,0.80810546875,0.01220703125,-0.06103515625,0.732421875,0.732421875,0,0,0,0.0,0.0,0.0,28.28,,,,,,,0.9965347809643329,1.03759765625
elevator-unknown,1773732118755,2026-03-17 15:21:58.755,1773732118747,8,1,-0.58349609375,0.80712890625,0.0107421875,-0.06103515625,0.79345703125,0.732421875,0,0,0,0.0,0.0,0.0,28.02,,,,,,,0.9960121270939,1.081545724284018
elevator-unknown,1773732118777,2026-03-17 15:21:58.777,1773732118772,5,1,-0.58251953125,0.806640625,0.009765625,-0.244140625,0.8544921875,0.732421875,0,0,0,0.0,0.0,0.0,28.21,,,,,,,0.9950344062492267,1.1516090249092534
elevator-unknown,1773732118798,2026-03-17 15:21:58.798,1773732118798,0,1,-0.58251953125,0.80615234375,0.01611328125,-0.18310546875,0.79345703125,0.6103515625,0,0,0,0.0,0.0,0.0,28.02,,,,,,,0.9947211888031638,1.0176594238606609
elevator-unknown,1773732118830,2026-03-17 15:21:58.830,1773732118822,8,1,-0.58203125,0.8056640625,0.01171875,-0.30517578125,0.6103515625,0.67138671875,0,0,0,0.0,0.0,0.0,27.96,,,,,,,0.9939780111663079,0.9572990198582838
elevator-unknown,1773732118852,2026-03-17 15:21:58.852,1773732118848,4,1,-0.5859375,0.8046875,0.01123046875,-0.06103515625,0.67138671875,0.79345703125,0,0,0,0.0,0.0,0.0,28.02,,,,,,,0.9954751880337575,1.0411817693623036
elevator-unknown,1773732118873,2026-03-17 15:21:58.873,1773732118873,0,1,-0.583984375,0.80615234375,0.01318359375,-0.244140625,0.79345703125,0.79345703125,0,0,0,0.0,0.0,0.0,28.15,,,,,,,0.995536618473637,1.1483696119523181
elevator-unknown,1773732118905,2026-03-17 15:21:58.905,1773732118898,7,1,-0.5830078125,0.8056640625,0.01171875,-0.18310546875,0.67138671875,0.67138671875,0,0,0,0.0,0.0,0.0,28.02,,,,,,,0.9945501596911045,0.9669787303317176
elevator-unknown,1773732118926,2026-03-17 15:21:58.926,1773732118922,4,1,-0.58349609375,0.80712890625,0.01025390625,-0.1220703125,0.79345703125,0.54931640625,0,0,0,0.0,0.0,0.0,28.15,,,,,,,0.9960069805574727,0.9727403229070574
elevator-unknown,1773732118948,2026-03-17 15:21:58.948,1773732118947,1,1,-0.58447265625,0.806640625,0.009765625,-0.244140625,0.67138671875,0.732421875,0,0,0,0.0,0.0,0.0,28.15,,,,,,,0.996179075887444,1.0231356576074346
elevator-unknown,1773732118980,2026-03-17 15:21:58.980,1773732118973,7,1,-0.58349609375,0.8056640625,0.0146484375,-0.18310546875,0.67138671875,0.67138671875,0,0,0,0.0,0.0,0.0,28.02,,,,,,,0.9948752935653313,0.9669787303317176
elevator-unknown,1773732119001,2026-03-17 15:21:59.001,1773732118998,3,1,-0.58203125,0.80810546875,0.01318359375,-0.244140625,0.6103515625,0.67138671875,0,0,0,0.0,0.0,0.0,28.15,,,,,,,0.9959762204713448,0.9396242870080964
elevator-unknown,1773732119023,2026-03-17 15:21:59.023,1773732119023,0,1,-0.58203125,0.80615234375,0.01220703125,-0.18310546875,0.8544921875,0.67138671875,0,0,0,0.0,0.0,0.0,27.96,,,,,,,0.9943797005782646,1.1020184378215203
elevator-unknown,1773732119055,2026-03-17 15:21:59.055,1773732119048,7,1,-0.58154296875,0.806640625,0.01318359375,-0.244140625,0.79345703125,0.732421875,0,0,0,0.0,0.0,0.0,28.21,,,,,,,0.9945024532634996,1.1070774625986972
elevator-unknown,1773732119076,2026-03-17 15:21:59.076,1773732119072,4,1,-0.583984375,0.8076171875,0.01220703125,-0.1220703125,0.67138671875,0.67138671875,0,0,0,0.0,0.0,0.0,28.09,,,,,,,0.9967107320589507,0.9572990198582838
elevator-unknown,1773732119098,2026-03-17 15:21:59.098,1773732119097,1,1,-0.58203125,0.80810546875,0.0107421875,-0.244140625,0.6103515625,0.8544921875,0,0,0,0.0,0.0,0.0,27.96,,,,,,,0.9959468957693,1.078095808877911
elevator-unknown,1773732119130,2026-03-17 15:21:59.130,1773732119123,7,1,-0.58349609375,0.806640625,0.01025390625,-0.244140625,0.6103515625,0.67138671875,0,0,0,0.0,0.0,0.0,27.83,,,,,,,0.9956113357707832,0.9396242870080964
elevator-unknown,1773732119151,2026-03-17 15:21:59.151,1773732119148,3,1,-0.5830078125,0.806640625,0.01220703125,-0.18310546875,0.67138671875,0.732421875,0,0,0,0.0,0.0,0.0,28.09,,,,,,,0.9953472855985314,1.0103116062772735
elevator-unknown,1773732119173,2026-03-17 15:21:59.173,1773732119173,0,1,-0.5810546875,0.8056640625,0.015625,-0.244140625,0.8544921875,0.67138671875,0,0,0,0.0,0.0,0.0,27.71,,,,,,,0.9934602518947231,1.1137870844051916
elevator-unknown,1773732119205,2026-03-17 15:21:59.205,1773732119197,8,1,-0.58349609375,0.80712890625,0.01171875,-0.1220703125,0.79345703125,0.67138671875,0,0,0,0.0,0.0,0.0,28.02,,,,,,,0.9960231381988034,1.046534924284805
elevator-unknown,1773732119226,2026-03-17 15:21:59.226,1773732119223,3,1,-0.583984375,0.80810546875,0.01025390625,-0.06103515625,0.79345703125,0.67138671875,0,0,0,0.0,0.0,0.0,28.02,,,,,,,0.9970844204284719,1.0411817693623036
elevator-unknown,1773732119258,2026-03-17 15:21:59.258,1773732119248,10,1,-0.58251953125,0.8056640625,0.01416015625,-0.18310546875,0.732421875,0.8544921875,0,0,0,0.0,0.0,0.0,28.09,,,,,,,0.9942957788891332,1.1402308161785526
elevator-unknown,1773732119280,2026-03-17 15:21:59.280,1773732119272,8,1,-0.58349609375,0.80908203125,0.009765625,-0.06103515625,0.732421875,0.732421875,0,0,0,0.0,0.0,0.0,28.02,,,,,,,0.9975854811216808,1.03759765625
elevator-unknown,1773732119301,2026-03-17 15:21:59.301,1773732119298,3,1,-0.58349609375,0.80712890625,0.0126953125,-0.244140625,0.732421875,0.732421875,0,0,0,0.0,0.0,0.0,28.15,,,,,,,0.996035106653025,1.0641843123878598
elevator-unknown,1773732119323,2026-03-17 15:21:59.323,1773732119322,1,1,-0.5849609375,0.80859375,0.0126953125,-0.244140625,0.732421875,0.732421875,0,0,0,0.0,0.0,0.0,28.15,,,,,,,0.9980803183609093,1.0641843123878598
elevator-unknown,1773732119354,2026-03-17 15:21:59.354,1773732119347,7,1,-0.58349609375,0.8076171875,0.01611328125,-0.30517578125,0.67138671875,0.67138671875,0,0,0,0.0,0.0,0.0,28.02,,,,,,,0.996480231012919,0.9973226707988398
elevator-unknown,1773732119376,2026-03-17 15:21:59.376,1773732119372,4,1,-0.5830078125,0.80712890625,0.01171875,-0.18310546875,0.67138671875,0.79345703125,0,0,0,0.0,0.0,0.0,28.34,,,,,,,0.9957371690571357,1.055396512804601
elevator-unknown,1773732119398,2026-03-17 15:21:59.398,1773732119398,0,1,-0.5810546875,0.806640625,0.013671875,-0.18310546875,0.732421875,0.732421875,0,0,0,0.0,0.0,0.0,28.15,,,,,,,0.9942236005708821,1.0518608361580863
elevator-unknown,1773732119430,2026-03-17 15:21:59.430,1773732119422,8,1,-0.58251953125,0.80712890625,0.009765625,-0.18310546875,0.6103515625,0.67138671875,0,0,0,0.0,0.0,0.0,27.96,,,,,,,0.9954302803429689,0.925643975103949
elevator-unknown,1773732119451,2026-03-17 15:21:59.451,1773732119448,3,1,-0.5859375,0.80517578125,0.01025390625,-0.18310546875,0.6103515625,0.67138671875,0,0,0,0.0,0.0,0.0,28.15,,,,,,,0.9958593953019581,0.925643975103949
elevator-unknown,1773732119473,2026-03-17 15:21:59.473,1773732119472,1,1,-0.5830078125,0.8076171875,0.01220703125,-0.18310546875,0.732421875,0.67138671875,0,0,0,0.0,0.0,0.0,27.96,,,,,,,0.9961388671231455,1.0103116062772735
elevator-unknown,1773732119505,2026-03-17 15:21:59.505,1773732119498,7,1,-0.58251953125,0.806640625,0.013671875,-0.3662109375,0.54931640625,0.67138671875,0,0,0,0.0,0.0,0.0,27.96,,,,,,,0.9950804099941502,0.9416045300623481
elevator-unknown,1773732119527,2026-03-17 15:21:59.527,1773732119523,4,1,-0.5830078125,0.80810546875,0.01123046875,-0.244140625,0.79345703125,0.79345703125,0,0,0,0.0,0.0,0.0,27.96,,,,,,,0.9965232970121858,1.1483696119523181
elevator-unknown,1773732119548,2026-03-17 15:21:59.548,1773732119547,1,1,-0.58447265625,0.8046875,0.0146484375,-0.18310546875,0.67138671875,0.67138671875,0,0,0,0.0,0.0,0.0,28.15,,,,,,,0.9946581499597599,0.9669787303317176
elevator-unknown,1773732119580,2026-03-17 15:21:59.580,1773732119573,7,1,-0.58251953125,0.80615234375,0.00927734375,-0.3662109375,0.732421875,0.732421875,0,0,0,0.0,0.0,0.0,28.02,,,,,,,0.9946339400645815,1.0986328125
elevator-unknown,1773732119602,2026-03-17 15:21:59.602,1773732119598,4,1,-0.583984375,0.8076171875,0.01025390625,-0.244140625,0.6103515625,0.79345703125,0,0,0,0.0,0.0,0.0,27.96,,,,,,,0.99668872492014,1.030392029793343
elevator-unknown,1773732119623,2026-03-17 15:21:59.623,1773732119623,0,1,-0.58056640625,0.80419921875,0.009765625,-0.30517578125,0.67138671875,0.67138671875,0,0,0,0.0,0.0,0.0,27.96,,,,,,,0.9919118423205718,0.9973226707988398
elevator-unknown,1773732119655,2026-03-17 15:21:59.655,1773732119648,7,1,-0.58154296875,0.8076171875,0.0107421875,-0.18310546875,0.67138671875,0.67138671875,0,0,0,0.0,0.0,0.0,27.96,,,,,,,0.995265361921261,0.9669787303317176
elevator-unknown,1773732119676,2026-03-17 15:21:59.676,1773732119672,4,1,-0.58203125,0.806640625,0.01416015625,-0.244140625,0.79345703125,0.732421875,0,0,0,0.0,0.0,0.0,28.09,,,,,,,0.9948014796440431,1.1070774625986972
elevator-unknown,1773732119708,2026-03-17 15:21:59.708,1773732119698,10,1,-0.5810546875,0.806640625,0.0126953125,-0.06103515625,0.67138671875,0.6103515625,0,0,0,0.0,0.0,0.0,28.09,,,,,,,0.9942106510823479,0.9094033462982996
elevator-unknown,1773732119729,2026-03-17 15:21:59.729,1773732119723,6,1,-0.58544921875,0.8056640625,0.00927734375,-0.18310546875,0.6103515625,0.6103515625,0,0,0,0.0,0.0,0.0,27.77,,,,,,,0.9959575485160223,0.8823750179932227
elevator-unknown,1773732119751,2026-03-17 15:21:59.751,1773732119748,3,1,-0.583984375,0.80517578125,0.0107421875,-0.18310546875,0.732421875,0.8544921875,0,0,0,0.0,0.0,0.0,28.02,,,,,,,0.9947166348000689,1.1402308161785526
elevator-unknown,1773732119772,2026-03-17 15:21:59.772,1773732119772,0,1,-0.5849609375,0.80517578125,0.0087890625,-0.1220703125,0.732421875,0.8544921875,0,0,0,0.0,0.0,0.0,28.02,,,,,,,0.9952711111712504,1.1320335077509405
elevator-unknown,1773732119804,2026-03-17 15:21:59.804,1773732119797,7,1,-0.5830078125,0.80517578125,0.01123046875,-0.1220703125,0.79345703125,0.6103515625,0,0,0,0.0,0.0,0.0,28.15,,,,,,,0.9941490187974475,1.0084662867345158
elevator-unknown,1773732119826,2026-03-17 15:21:59.826,1773732119822,4,1,-0.5849609375,0.80810546875,0.0126953125,-0.06103515625,0.54931640625,0.732421875,0,0,0,0.0,0.0,0.0,27.83,,,,,,,0.9976847788675584,0.9175595934065496
elevator-unknown,1773732119847,2026-03-17 15:21:59.847,1773732119847,0,1,-0.583984375,0.8076171875,0.0126953125,-0.1220703125,0.54931640625,0.6103515625,0,0,0,0.0,0.0,0.0,28.21,,,,,,,0.9967168317777239,0.8301678777304348
elevator-unknown,1773732119879,2026-03-17 15:21:59.879,1773732119873,6,1,-0.5849609375,0.80908203125,0.0126953125,-0.18310546875,0.732421875,0.732421875,0,0,0,0.0,0.0,0.0,28.15,,,,,,,0.9984759399464653,1.0518608361580863
elevator-unknown,1773732119901,2026-03-17 15:21:59.901,1773732119898,3,1,-0.5830078125,0.8046875,0.0146484375,-0.1220703125,0.8544921875,0.67138671875,0,0,0,0.0,0.0,0.0,28.15,,,,,,,0.9937980976101114,1.0935347208965402
elevator-unknown,1773732119922,2026-03-17 15:21:59.922,1773732119922,0,1,-0.5830078125,0.80615234375,0.01123046875,-0.18310546875,0.48828125,0.732421875,0,0,0,0.0,0.0,0.0,28.02,,,,,,,0.9949401158853723,0.8991039955234519
elevator-unknown,1773732119954,2026-03-17 15:21:59.954,1773732119948,6,1,-0.58251953125,0.80712890625,0.01171875,-0.06103515625,0.67138671875,0.6103515625,0,0,0,0.0,0.0,0.0,27.71,,,,,,,0.9954513572714658,0.9094033462982996
elevator-unknown,1773732119976,2026-03-17 15:21:59.976,1773732119973,3,1,-0.583984375,0.80712890625,0.01220703125,-0.18310546875,0.732421875,0.79345703125,0,0,0,0.0,0.0,0.0,28.09,,,,,,,0.9963151274372986,1.0952367214920875
elevator-unknown,1773732119998,2026-03-17 15:21:59.998,1773732119997,1,1,-0.5830078125,0.80859375,0.01318359375,-0.244140625,0.79345703125,0.79345703125,0,0,0,0.0,0.0,0.0,28.02,,,,,,,0.9969432125849811,1.1483696119523181
elevator-unknown,1773732120030,2026-03-17 15:22:00.030,1773732120023,7,1,-0.58251953125,0.80615234375,0.01708984375,-0.06103515625,0.732421875,0.732421875,0,0,0,0.0,0.0,0.0,28.09,,,,,,,0.9947374871697242,1.03759765625
elevator-unknown,1773732120051,2026-03-17 15:22:00.051,1773732120048,3,1,-0.5830078125,0.8076171875,0.01318359375,-0.1220703125,0.67138671875,0.8544921875,0,0,0,0.0,0.0,0.0,28.15,,,,,,,0.9961513128664793,1.0935347208965402
elevator-unknown,1773732120073,2026-03-17 15:22:00.073,1773732120072,1,1,-0.58154296875,0.806640625,0.0107421875,-0.18310546875,0.6103515625,0.732421875,0,0,0,0.0,0.0,0.0,28.15,,,,,,,0.994473085103483,0.9708235913444132
elevator-unknown,1773732120105,2026-03-17 15:22:00.105,1773732120098,7,1,-0.58447265625,0.806640625,0.0126953125,-0.18310546875,0.79345703125,0.79345703125,0,0,0,0.0,0.0,0.0,28.02,,,,,,,0.9962121033011966,1.1369589849973851
elevator-unknown,1773732120126,2026-03-17 15:22:00.126,1773732120123,3,1,-0.5810546875,0.80224609375,0.01123046875,-0.244140625,0.732421875,0.732421875,0,0,0,0.0,0.0,0.0,28.09,,,,,,,0.9906308435694909,1.0641843123878598
elevator-unknown,1773732120148,2026-03-17 15:22:00.148,1773732120147,1,1,-0.58203125,0.80712890625,0.0107421875,-0.244140625,0.6103515625,0.732421875,0,0,0,0.0,0.0,0.0,28.02,,,,,,,0.9951546823851902,0.9841623227903503
elevator-unknown,1773732120180,2026-03-17 15:22:00.180,1773732120173,7,1,-0.58056640625,0.80712890625,0.013671875,-0.3662109375,0.67138671875,0.732421875,0,0,0,0.0,0.0,0.0,27.83,,,,,,,0.9943346235228747,1.0589203840879804
elevator-unknown,1773732120201,2026-03-17 15:22:00.201,1773732120198,3,1,-0.58154296875,0.810546875,0.01513671875,-0.18310546875,0.732421875,0.6103515625,0,0,0,0.0,0.0,0.0,27.77,,,,,,,0.9977011483051154,0.9708235913444132
elevator-unknown,1773732120223,2026-03-17 15:22:00.223,1773732120222,1,1,-0.5830078125,0.806640625,0.0146484375,-0.42724609375,0.79345703125,0.54931640625,0,0,0,0.0,0.0,0.0,28.09,,,,,,,0.995380220849107,1.055396512804601
elevator-unknown,1773732120255,2026-03-17 15:22:00.255,1773732120248,7,1,-0.58203125,0.80517578125,0.00927734375,-0.30517578125,0.8544921875,0.6103515625,0,0,0,0.0,0.0,0.0,28.15,,,,,,,0.9935564824382991,1.0935347208965402
elevator-unknown,1773732120276,2026-03-17 15:22:00.276,1773732120273,3,1,-0.58349609375,0.806640625,0.01220703125,-0.18310546875,0.67138671875,0.732421875,0,0,0,0.0,0.0,0.0,27.96,,,,,,,0.9956333667238347,1.0103116062772735
elevator-unknown,1773732120298,2026-03-17 15:22:00.298,1773732120298,0,1,-0.58203125,0.80712890625,0.0087890625,-0.30517578125,0.67138671875,0.79345703125,0,0,0,0.0,0.0,0.0,28.28,,,,,,,0.99513551584722,1.0832665618468535
elevator-unknown,1773732120330,2026-03-17 15:22:00.330,1773732120323,7,1,-0.5830078125,0.80517578125,0.009765625,-0.3662109375,0.732421875,0.67138671875,0,0,0,0.0,0.0,0.0,28.21,,,,,,,0.9941335501728245,1.0589203840879804
elevator-unknown,1773732120351,2026-03-17 15:22:00.351,1773732120347,4,1,-0.5830078125,0.8056640625,0.013671875,-0.1220703125,0.67138671875,0.732421875,0,0,0,0.0,0.0,0.0,27.96,,,,,,,0.9945750907830211,1.0010509928501419
elevator-unknown,1773732120373,2026-03-17 15:22:00.373,1773732120372,1,1,-0.58203125,0.8056640625,0.0146484375,-0.06103515625,0.6103515625,0.67138671875,0,0,0,0.0,0.0,0.0,27.96,,,,,,,0.994016868217918,0.9094033462982996
elevator-unknown,1773732120405,2026-03-17 15:22:00.405,1773732120398,7,1,-0.583984375,0.80859375,0.01318359375,-0.18310546875,0.91552734375,0.732421875,0,0,0,0.0,0.0,0.0,27.83,,,,,,,0.9975146163978592,1.1866590634291736
elevator-unknown,1773732120429,2026-03-17 15:22:00.429,1773732120424,5,1,-0.58251953125,0.8076171875,0.01123046875,-0.30517578125,0.6103515625,0.67138671875,0,0,0,0.0,0.0,0.0,28.15,,,,,,,0.995841678813191,0.9572990198582838
elevator-unknown,1773732120452,2026-03-17 15:22:00.452,1773732120448,4,1,-0.5830078125,0.80712890625,0.01025390625,-0.18310546875,0.732421875,0.67138671875,0,0,0,0.0,0.0,0.0,28.09,,,,,,,0.9957210067753619,1.0103116062772735
elevator-unknown,1773732120476,2026-03-17 15:22:00.476,1773732120474,2,1,-0.58251953125,0.80517578125,0.0107421875,-0.244140625,0.732421875,0.67138671875,0,0,0,0.0,0.0,0.0,27.96,,,,,,,0.9938573527380842,1.0231356576074346
elevator-unknown,1773732120499,2026-03-17 15:22:00.499,1773732120499,0,1,-0.583984375,0.80859375,0.013671875,-0.1220703125,0.67138671875,0.79345703125,0,0,0,0.0,0.0,0.0,28.15,,,,,,,0.9975211892231757,1.046534924284805
elevator-unknown,1773732120524,2026-03-17 15:22:00.524,1773732120524,0,1,-0.5830078125,0.8056640625,0.01513671875,-0.06103515625,0.6103515625,0.67138671875,0,0,0,0.0,0.0,0.0,27.83,,,,,,,0.9945963056911863,0.9094033462982996
elevator-unknown,1773732120558,2026-03-17 15:22:00.558,1773732120550,8,1,-0.58154296875,0.806640625,0.0146484375,-0.1220703125,0.732421875,0.79345703125,0,0,0,0.0,0.0,0.0,28.02,,,,,,,0.9945229505266058,1.0867000619363316
elevator-unknown,1773732120582,2026-03-17 15:22:00.582,1773732120574,8,1,-0.5830078125,0.8076171875,0.01416015625,-0.1220703125,0.6103515625,0.732421875,0,0,0,0.0,0.0,0.0,27.96,,,,,,,0.9961647158007905,0.9611826018080823
elevator-unknown,1773732120605,2026-03-17 15:22:00.605,1773732120599,6,1,-0.583984375,0.80517578125,0.009765625,-0.1220703125,0.6103515625,0.67138671875,0,0,0,0.0,0.0,0.0,27.96,,,,,,,0.9947065679824021,0.91552734375
elevator-unknown,1773732120628,2026-03-17 15:22:00.628,1773732120623,5,1,-0.583984375,0.80615234375,0.0107421875,-0.244140625,0.732421875,0.67138671875,0,0,0,0.0,0.0,0.0,28.15,,,,,,,0.9955072808222167,1.0231356576074346
elevator-unknown,1773732120651,2026-03-17 15:22:00.651,1773732120648,3,1,-0.58251953125,0.8046875,0.009765625,-0.06103515625,0.6103515625,0.67138671875,0,0,0,0.0,0.0,0.0,28.09,,,,,,,0.9934517322827568,0.9094033462982996
elevator-unknown,1773732120674,2026-03-17 15:22:00.674,1773732120674,0,1,-0.58349609375,0.8076171875,0.009765625,-0.1220703125,0.6103515625,0.54931640625,0,0,0,0.0,0.0,0.0,27.96,,,,,,,0.9963978022850911,0.8301678777304348
elevator-unknown,1773732120707,2026-03-17 15:22:00.707,1773732120698,9,1,-0.58056640625,0.8056640625,0.01318359375,-0.18310546875,0.67138671875,0.67138671875,0,0,0,0.0,0.0,0.0,28.02,,,,,,,0.9931393360522022,0.9669787303317176
elevator-unknown,1773732120730,2026-03-17 15:22:00.730,1773732120723,7,1,-0.5830078125,0.8076171875,0.01416015625,-0.1220703125,0.79345703125,0.732421875,0,0,0,0.0,0.0,0.0,28.02,,,,,,,0.9961647158007905,1.0867000619363316
elevator-unknown,1773732120752,2026-03-17 15:22:00.752,1773732120748,4,1,-0.5810546875,0.80712890625,0.009765625,0.06103515625,0.67138671875,0.6103515625,0,0,0,0.0,0.0,0.0,28.09,,,,,,,0.9945737723274652,0.9094033462982996
elevator-unknown,1773732120775,2026-03-17 15:22:00.775,1773732120773,2,1,-0.58349609375,0.80908203125,0.00927734375,0.06103515625,0.6103515625,0.6103515625,0,0,0,0.0,0.0,0.0,28.02,,,,,,,0.9975808206958424,0.8653226854710586
elevator-unknown,1773732120798,2026-03-17 15:22:00.798,1773732120798,0,1,-0.583984375,0.80859375,0.01123046875,-0.244140625,0.67138671875,0.79345703125,0,0,0,0.0,0.0,0.0,28.02,,,,,,,0.9974907148497913,1.0676791799643495
elevator-unknown,1773732120832,2026-03-17 15:22:00.832,1773732120824,8,1,-0.58349609375,0.8095703125,0.01025390625,-0.1220703125,1.03759765625,0.732421875,0,0,0,0.0,0.0,0.0,28.09,,,,,,,0.9979864352265717,1.275912167991142
elevator-unknown,1773732120856,2026-03-17 15:22:00.856,1773732120848,8,1,-0.583984375,0.80810546875,0.01123046875,-0.30517578125,0.6103515625,0.79345703125,0,0,0,0.0,0.0,0.0,28.02,,,,,,,0.9970949414655269,1.046534924284805
elevator-unknown,1773732120879,2026-03-17 15:22:00.879,1773732120874,5,1,-0.58251953125,0.8046875,0.01220703125,-0.1220703125,0.8544921875,0.54931640625,0,0,0,0.0,0.0,0.0,28.09,,,,,,,0.9934787308019776,1.0231356576074346
elevator-unknown,1773732120903,2026-03-17 15:22:00.903,1773732120899,4,1,-0.5859375,0.8056640625,0.01318359375,0.0,0.6103515625,0.48828125,0,0,0,0.0,0.0,0.0,28.09,,,,,,,0.9962886843954512,0.781631376639752
elevator-unknown,1773732120926,2026-03-17 15:22:00.926,1773732120923,3,1,-0.58251953125,0.80712890625,0.01171875,-0.1220703125,0.732421875,0.8544921875,0,0,0,0.0,0.0,0.0,28.15,,,,,,,0.9954513572714658,1.1320335077509405
elevator-unknown,1773732120950,2026-03-17 15:22:00.950,1773732120949,1,1,-0.58203125,0.80419921875,0.01171875,-0.3662109375,0.79345703125,0.732421875,0,0,0,0.0,0.0,0.0,28.02,,,,,,,0.9927910598490678,1.1402308161785526
elevator-unknown,1773732120975,2026-03-17 15:22:00.975,1773732120975,0,1,-0.58251953125,0.80517578125,0.0107421875,0.0,0.54931640625,0.732421875,0,0,0,0.0,0.0,0.0,28.02,,,,,,,0.9938573527380842,0.91552734375
elevator-unknown,1773732120999,2026-03-17 15:22:00.999,1773732120999,0,1,-0.58154296875,0.80615234375,0.009765625,-0.244140625,0.67138671875,0.67138671875,0,0,0,0.0,0.0,0.0,27.96,,,,,,,0.9940669963678617,0.9803697756475226
elevator-unknown,1773732121034,2026-03-17 15:22:01.034,1773732121025,9,1,-0.58154296875,0.80517578125,0.01171875,-0.30517578125,0.67138671875,0.6103515625,0,0,0,0.0,0.0,0.0,27.96,,,,,,,0.9932963265389004,0.9572990198582838
elevator-unknown,1773732121057,2026-03-17 15:22:01.057,1773732121048,9,1,-0.58154296875,0.80517578125,0.013671875,-0.30517578125,0.67138671875,0.67138671875,0,0,0,0.0,0.0,0.0,28.15,,,,,,,0.9933212891004234,0.9973226707988398
elevator-unknown,1773732121081,2026-03-17 15:22:01.081,1773732121074,7,1,-0.58349609375,0.8076171875,0.01318359375,-0.244140625,0.8544921875,0.8544921875,0,0,0,0.0,0.0,0.0,28.02,,,,,,,0.9964371631523404,1.232849723921152
elevator-unknown,1773732121105,2026-03-17 15:22:01.105,1773732121098,7,1,-0.58349609375,0.8076171875,0.0126953125,-0.244140625,0.54931640625,0.732421875,0,0,0,0.0,0.0,0.0,27.96,,,,,,,0.9964308224490005,0.9475204282385269
elevator-unknown,1773732121128,2026-03-17 15:22:01.128,1773732121124,4,1,-0.58203125,0.806640625,0.01123046875,-0.1220703125,0.732421875,0.54931640625,0,0,0,0.0,0.0,0.0,28.02,,,,,,,0.9947640912826005,0.9236295135755345
elevator-unknown,1773732121152,2026-03-17 15:22:01.152,1773732121149,3,1,-0.5830078125,0.8056640625,0.009765625,-0.244140625,0.732421875,0.8544921875,0,0,0,0.0,0.0,0.0,27.96,,,,,,,0.9945290636636416,1.1516090249092534
elevator-unknown,1773732121175,2026-03-17 15:22:01.175,1773732121174,1,1,-0.58349609375,0.80615234375,0.01123046875,-0.1220703125,0.732421875,0.732421875,0,0,0,0.0,0.0,0.0,28.02,,,,,,,0.9952263140529755,1.0429692071920815
elevator-unknown,1773732121199,2026-03-17 15:22:01.199,1773732121199,0,1,-0.58056640625,0.806640625,0.0087890625,-0.244140625,0.67138671875,0.79345703125,0,0,0,0.0,0.0,0.0,28.15,,,,,,,0.9938831408098537,1.0676791799643495
elevator-unknown,1773732121233,2026-03-17 15:22:01.233,1773732121224,9,1,-0.58203125,0.80859375,0.01318359375,-0.1220703125,0.732421875,0.79345703125,0,0,0,0.0,0.0,0.0,28.02,,,,,,,0.9963724382276891,1.0867000619363316
elevator-unknown,1773732121255,2026-03-17 15:22:01.255,1773732121248,7,1,-0.583984375,0.8076171875,0.01318359375,-0.244140625,0.79345703125,0.6103515625,0,0,0,0.0,0.0,0.0,28.02,,,,,,,0.9967231706616014,1.030392029793343
elevator-unknown,1773732121278,2026-03-17 15:22:01.278,1773732121274,4,1,-0.58447265625,0.80615234375,0.0126953125,-0.18310546875,0.732421875,0.67138671875,0,0,0,0.0,0.0,0.0,27.83,,,,,,,0.9958167794313477,1.0103116062772735
elevator-unknown,1773732121301,2026-03-17 15:22:01.301,1773732121298,3,1,-0.583984375,0.80615234375,0.01123046875,-0.244140625,0.48828125,0.67138671875,0,0,0,0.0,0.0,0.0,27.96,,,,,,,0.9955126694352531,0.8653226854710586
elevator-unknown,1773732121324,2026-03-17 15:22:01.324,1773732121323,1,1,-0.5830078125,0.806640625,0.0107421875,-0.244140625,0.67138671875,0.6103515625,0,0,0,0.0,0.0,0.0,28.09,,,,,,,0.995330398374686,0.9396242870080964
elevator-unknown,1773732121348,2026-03-17 15:22:01.348,1773732121348,0,1,-0.5830078125,0.80810546875,0.0107421875,-0.18310546875,0.6103515625,0.732421875,0,0,0,0.0,0.0,0.0,27.96,,,,,,,0.9965179138640597,0.9708235913444132
elevator-unknown,1773732121382,2026-03-17 15:22:01.382,1773732121373,9,1,-0.58349609375,0.806640625,0.01416015625,-0.1220703125,0.732421875,0.67138671875,0,0,0,0.0,0.0,0.0,28.02,,,,,,,0.9956592285249627,1.0010509928501419
elevator-unknown,1773732121405,2026-03-17 15:22:01.405,1773732121398,7,1,-0.58203125,0.80615234375,0.01123046875,-0.18310546875,0.79345703125,0.732421875,0,0,0,0.0,0.0,0.0,28.15,,,,,,,0.9943681917371077,1.0952367214920875
elevator-unknown,1773732121429,2026-03-17 15:22:01.429,1773732121424,5,1,-0.583984375,0.80859375,0.01220703125,-0.06103515625,0.67138671875,0.6103515625,0,0,0,0.0,0.0,0.0,27.96,,,,,,,0.9975021876643387,0.9094033462982996
elevator-unknown,1773732121452,2026-03-17 15:22:01.452,1773732121448,4,1,-0.58056640625,0.806640625,0.01416015625,-0.244140625,0.79345703125,0.732421875,0,0,0,0.0,0.0,0.0,28.15,,,,,,,0.9939451493877592,1.1070774625986972
elevator-unknown,1773732121476,2026-03-17 15:22:01.476,1773732121473,3,1,-0.5810546875,0.80712890625,0.01171875,-0.18310546875,0.79345703125,0.732421875,0,0,0,0.0,0.0,0.0,27.77,,,,,,,0.9945948674066273,1.0952367214920875
elevator-unknown,1773732121500,2026-03-17 15:22:01.500,1773732121498,2,1,-0.58447265625,0.8076171875,0.01123046875,-0.18310546875,0.67138671875,0.79345703125,0,0,0,0.0,0.0,0.0,27.96,,,,,,,0.99698542159737,1.055396512804601
elevator-unknown,1773732121525,2026-03-17 15:22:01.525,1773732121525,0,1,-0.58251953125,0.8056640625,0.01416015625,-0.1220703125,0.732421875,0.67138671875,0,0,0,0.0,0.0,0.0,28.02,,,,,,,0.9942957788891332,1.0010509928501419
elevator-unknown,1773732121549,2026-03-17 15:22:01.549,1773732121549,0,1,-0.58349609375,0.8056640625,0.01220703125,-0.1220703125,0.6103515625,0.67138671875,0,0,0,0.0,0.0,0.0,27.77,,,,,,,0.9948423415986329,0.91552734375
elevator-unknown,1773732121583,2026-03-17 15:22:01.583,1773732121574,9,1,-0.583984375,0.80615234375,0.0107421875,-0.244140625,0.67138671875,0.79345703125,0,0,0,0.0,0.0,0.0,28.09,,,,,,,0.9955072808222167,1.0676791799643495
elevator-unknown,1773732121607,2026-03-17 15:22:01.607,1773732121598,9,1,-0.58349609375,0.80810546875,0.01220703125,-0.18310546875,0.732421875,0.732421875,0,0,0,0.0,0.0,0.0,28.02,,,,,,,0.9968205212861062,1.0518608361580863
elevator-unknown,1773732121631,2026-03-17 15:22:01.631,1773732121623,8,1,-0.583984375,0.80419921875,0.01171875,-0.18310546875,0.79345703125,0.79345703125,0,0,0,0.0,0.0,0.0,28.28,,,,,,,0.9939373535509235,1.1369589849973851
elevator-unknown,1773732121654,2026-03-17 15:22:01.654,1773732121649,5,1,-0.583984375,0.806640625,0.01025390625,-0.1220703125,0.67138671875,0.67138671875,0,0,0,0.0,0.0,0.0,28.09,,,,,,,0.9958975804458584,0.9572990198582838
elevator-unknown,1773732121677,2026-03-17 15:22:01.677,1773732121673,4,1,-0.5830078125,0.8056640625,0.00927734375,-0.30517578125,0.79345703125,0.54931640625,0,0,0,0.0,0.0,0.0,28.09,,,,,,,0.9945243889151713,1.0121535615098267
elevator-unknown,1773732121700,2026-03-17 15:22:01.700,1773732121699,1,1,-0.583984375,0.806640625,0.0107421875,-0.30517578125,0.67138671875,0.67138671875,0,0,0,0.0,0.0,0.0,28.02,,,,,,,0.9959027275476338,0.9973226707988398
elevator-unknown,1773732121724,2026-03-17 15:22:01.724,1773732121723,1,1,-0.58251953125,0.806640625,0.0107421875,-0.3662109375,0.79345703125,0.79345703125,0,0,0,0.0,0.0,0.0,28.15,,,,,,,0.9950444697501692,1.1803637454720286
elevator-unknown,1773732121759,2026-03-17 15:22:01.759,1773732121750,9,1,-0.58349609375,0.8046875,0.01513671875,-0.1220703125,0.67138671875,0.79345703125,0,0,0,0.0,0.0,0.0,28.15,,,,,,,0.9940919395771577,1.046534924284805
elevator-unknown,1773732121782,2026-03-17 15:22:01.782,1773732121773,9,1,-0.583984375,0.80712890625,0.01171875,0.0,0.67138671875,0.67138671875,0,0,0,0.0,0.0,0.0,28.02,,,,,,,0.9963092645609718,0.9494842032534208
elevator-unknown,1773732121806,2026-03-17 15:22:01.806,1773732121798,8,1,-0.58056640625,0.8046875,0.0126953125,-0.244140625,0.732421875,0.79345703125,0,0,0,0.0,0.0,0.0,28.09,,,,,,,0.9923409170651801,1.1070774625986972
elevator-unknown,1773732121829,2026-03-17 15:22:01.829,1773732121824,5,1,-0.5830078125,0.80615234375,0.01171875,-0.06103515625,0.6103515625,0.79345703125,0,0,0,0.0,0.0,0.0,27.83,,,,,,,0.9949457471999243,1.0029099563693227
elevator-unknown,1773732121853,2026-03-17 15:22:01.853,1773732121848,5,1,-0.583984375,0.80517578125,0.0126953125,-0.1220703125,0.67138671875,0.732421875,0,0,0,0.0,0.0,0.0,27.96,,,,,,,0.9947396442864641,1.0010509928501419
elevator-unknown,1773732121876,2026-03-17 15:22:01.876,1773732121873,3,1,-0.58203125,0.80810546875,0.01123046875,-0.30517578125,0.67138671875,0.6103515625,0,0,0,0.0,0.0,0.0,28.09,,,,,,,0.9959522820037938,0.9572990198582838
elevator-unknown,1773732121900,2026-03-17 15:22:01.900,1773732121899,1,1,-0.58349609375,0.80517578125,0.01220703125,-0.1220703125,0.6103515625,0.732421875,0,0,0,0.0,0.0,0.0,28.15,,,,,,,0.9944469527053693,0.9611826018080823
elevator-unknown,1773732121925,2026-03-17 15:22:01.925,1773732121925,0,1,-0.58056640625,0.8056640625,0.015625,-0.18310546875,0.732421875,0.8544921875,0,0,0,0.0,0.0,0.0,28.15,,,,,,,0.9931747450952647,1.1402308161785526
elevator-unknown,1773732121949,2026-03-17 15:22:01.949,1773732121948,1,1,-0.58203125,0.80615234375,0.01171875,0.0,0.6103515625,0.6103515625,0,0,0,0.0,0.0,0.0,28.09,,,,,,,0.9943738262905673,0.8631674575031097
elevator-unknown,1773732121983,2026-03-17 15:22:01.983,1773732121974,9,1,-0.58544921875,0.806640625,0.01220703125,0.0,0.67138671875,0.6103515625,0,0,0,0.0,0.0,0.0,28.09,,,,,,,0.9967792620471768,0.9073528288158268
elevator-unknown,1773732122006,2026-03-17 15:22:02.006,1773732121999,7,1,-0.583984375,0.80908203125,0.009765625,0.0,0.67138671875,0.8544921875,0,0,0,0.0,0.0,0.0,28.02,,,,,,,0.9978711595027723,1.0867000619363316
elevator-unknown,1773732122030,2026-03-17 15:22:02.030,1773732122024,6,1,-0.5830078125,0.8076171875,0.009765625,-0.3662109375,0.9765625,0.732421875,0,0,0,0.0,0.0,0.0,28.09,,,,,,,0.9961119407039983,1.2744514781384948
elevator-unknown,1773732122054,2026-03-17 15:22:02.054,1773732122049,5,1,-0.583984375,0.80810546875,0.0126953125,-0.1220703125,0.6103515625,0.79345703125,0,0,0,0.0,0.0,0.0,28.09,,,,,,,0.9971125161320915,1.0084662867345158
elevator-unknown,1773732122077,2026-03-17 15:22:02.077,1773732122073,4,1,-0.58251953125,0.80615234375,0.01416015625,0.0,0.732421875,0.6103515625,0,0,0,0.0,0.0,0.0,28.09,,,,,,,0.9946914675648738,0.953399618640949
elevator-unknown,1773732122100,2026-03-17 15:22:02.100,1773732122099,1,1,-0.5830078125,0.80712890625,0.01806640625,-0.1220703125,0.6103515625,0.732421875,0,0,0,0.0,0.0,0.0,28.34,,,,,,,0.9958321022015441,0.9611826018080823
elevator-unknown,1773732122124,2026-03-17 15:22:02.124,1773732122124,0,1,-0.58154296875,0.80810546875,0.01220703125,0.0,0.67138671875,0.6103515625,0,0,0,0.0,0.0,0.0,28.02,,,,,,,0.9956785047083015,0.9073528288158268
elevator-unknown,1773732122158,2026-03-17 15:22:02.158,1773732122149,9,1,-0.58349609375,0.80712890625,0.01025390625,-0.30517578125,0.6103515625,0.67138671875,0,0,0,0.0,0.0,0.0,27.96,,,,,,,0.9960069805574727,0.9572990198582838
elevator-unknown,1773732122181,2026-03-17 15:22:02.181,1773732122174,7,1,-0.58203125,0.80517578125,0.0107421875,-0.06103515625,0.79345703125,0.67138671875,0,0,0,0.0,0.0,0.0,28.02,,,,,,,0.9935712401636813,1.0411817693623036
elevator-unknown,1773732122205,2026-03-17 15:22:02.205,1773732122199,6,1,-0.5849609375,0.80517578125,0.013671875,-0.244140625,0.8544921875,0.6103515625,0,0,0,0.0,0.0,0.0,28.02,,,,,,,0.995326206466223,1.078095808877911
elevator-unknown,1773732122228,2026-03-17 15:22:02.228,1773732122223,5,1,-0.58251953125,0.80810546875,0.01220703125,-0.244140625,0.79345703125,0.67138671875,0,0,0,0.0,0.0,0.0,28.15,,,,,,,0.9962491980038506,1.0676791799643495
elevator-unknown,1773732122251,2026-03-17 15:22:02.251,1773732122248,3,1,-0.58251953125,0.8056640625,0.01171875,-0.18310546875,0.54931640625,0.732421875,0,0,0,0.0,0.0,0.0,28.15,,,,,,,0.9942640066869997,0.9336583582018039
elevator-unknown,1773732122274,2026-03-17 15:22:02.274,1773732122273,1,1,-0.583984375,0.80712890625,0.0126953125,-0.1220703125,0.79345703125,0.6103515625,0,0,0,0.0,0.0,0.0,28.02,,,,,,,0.9963212295780586,1.0084662867345158
elevator-unknown,1773732122298,2026-03-17 15:22:02.298,1773732122297,1,1,-0.58349609375,0.80615234375,0.01123046875,-0.18310546875,0.732421875,0.732421875,0,0,0,0.0,0.0,0.0,28.02,,,,,,,0.9952263140529755,1.0518608361580863
elevator-unknown,1773732122331,2026-03-17 15:22:02.331,1773732122323,8,1,-0.58251953125,0.8046875,0.0107421875,-0.1220703125,0.732421875,0.732421875,0,0,0,0.0,0.0,0.0,28.02,,,,,,,0.9934618118157612,1.0429692071920815
elevator-unknown,1773732122354,2026-03-17 15:22:02.354,1773732122348,6,1,-0.58349609375,0.80322265625,0.01025390625,-0.18310546875,0.79345703125,0.8544921875,0,0,0,0.0,0.0,0.0,28.02,,,,,,,0.9928441315373719,1.1803637454720286
elevator-unknown,1773732122377,2026-03-17 15:22:02.377,1773732122373,4,1,-0.58251953125,0.80908203125,0.01416015625,-0.1220703125,0.79345703125,0.732421875,0,0,0,0.0,0.0,0.0,28.09,,,,,,,0.9970673235064772,1.0867000619363316
elevator-unknown,1773732122399,2026-03-17 15:22:02.399,1773732122398,1,1,-0.58203125,0.8076171875,0.0107421875,-0.30517578125,0.732421875,0.67138671875,0,0,0,0.0,0.0,0.0,28.02,,,,,,,0.9955507481360545,1.0393912576859377
elevator-unknown,1773732122433,2026-03-17 15:22:02.433,1773732122424,9,1,-0.58251953125,0.806640625,0.01220703125,-0.06103515625,0.79345703125,0.79345703125,0,0,0,0.0,0.0,0.0,27.96,,,,,,,0.9950613618265202,1.1237764062208233
elevator-unknown,1773732122457,2026-03-17 15:22:02.457,1773732122448,9,1,-0.583984375,0.8056640625,0.01318359375,-0.1220703125,0.79345703125,0.732421875,0,0,0,0.0,0.0,0.0,28.09,,,,,,,0.9951412658473718,1.0867000619363316
elevator-unknown,1773732122480,2026-03-17 15:22:02.480,1773732122473,7,1,-0.58544921875,0.8076171875,0.01220703125,-0.244140625,0.732421875,0.67138671875,0,0,0,0.0,0.0,0.0,28.02,,,,,,,0.9975697072848263,1.0231356576074346
elevator-unknown,1773732122504,2026-03-17 15:22:02.504,1773732122498,6,1,-0.58154296875,0.80712890625,0.0107421875,0.06103515625,0.67138671875,0.6103515625,0,0,0,0.0,0.0,0.0,28.02,,,,,,,0.994869182555762,0.9094033462982996
elevator-unknown,1773732122527,2026-03-17 15:22:02.527,1773732122523,4,1,-0.58251953125,0.80810546875,0.00830078125,-0.18310546875,0.67138671875,0.732421875,0,0,0,0.0,0.0,0.0,27.96,,,,,,,0.9962089920698053,1.0103116062772735
elevator-unknown,1773732122551,2026-03-17 15:22:02.551,1773732122548,3,1,-0.58154296875,0.80517578125,0.0126953125,-0.244140625,0.6103515625,0.67138671875,0,0,0,0.0,0.0,0.0,27.83,,,,,,,0.9933083278487017,0.9396242870080964
elevator-unknown,1773732122574,2026-03-17 15:22:02.574,1773732122573,1,1,-0.5849609375,0.80712890625,0.01025390625,-0.244140625,0.8544921875,0.732421875,0,0,0,0.0,0.0,0.0,28.15,,,,,,,0.9968658446845212,1.1516090249092534
elevator-unknown,1773732122609,2026-03-17 15:22:02.609,1773732122600,9,1,-0.580078125,0.80810546875,0.013671875,-0.244140625,0.67138671875,0.79345703125,0,0,0,0.0,0.0,0.0,28.21,,,,,,,0.9948427010805219,1.0676791799643495
elevator-unknown,1773732122632,2026-03-17 15:22:02.632,1773732122623,9,1,-0.58251953125,0.8076171875,0.0107421875,-0.30517578125,0.79345703125,0.79345703125,0,0,0,0.0,0.0,0.0,28.02,,,,,,,0.9958362919804715,1.1628759084019562
elevator-unknown,1773732122655,2026-03-17 15:22:02.655,1773732122648,7,1,-0.5830078125,0.8056640625,0.01123046875,-0.1220703125,0.67138671875,0.79345703125,0,0,0,0.0,0.0,0.0,27.77,,,,,,,0.9945445261366551,1.046534924284805
elevator-unknown,1773732122677,2026-03-17 15:22:02.677,1773732122673,4,1,-0.58056640625,0.806640625,0.01123046875,-0.18310546875,0.54931640625,0.732421875,0,0,0,0.0,0.0,0.0,28.02,,,,,,,0.9939077288132815,0.9336583582018039
elevator-unknown,1773732122701,2026-03-17 15:22:02.701,1773732122698,3,1,-0.5849609375,0.80615234375,0.01220703125,-0.1220703125,0.732421875,0.79345703125,0,0,0,0.0,0.0,0.0,28.15,,,,,,,0.9960973402968384,1.0867000619363316
elevator-unknown,1773732122724,2026-03-17 15:22:02.724,1773732122724,0,1,-0.58154296875,0.8056640625,0.0126953125,-0.1220703125,0.79345703125,0.8544921875,0,0,0,0.0,0.0,0.0,28.02,,,,,,,0.9937041697940288,1.1724470649596281
elevator-unknown,1773732122757,2026-03-17 15:22:02.757,1773732122748,9,1,-0.58349609375,0.80810546875,0.0126953125,-0.18310546875,0.732421875,0.67138671875,0,0,0,0.0,0.0,0.0,28.09,,,,,,,0.9968266203330641,1.0103116062772735
elevator-unknown,1773732122780,2026-03-17 15:22:02.780,1773732122773,7,1,-0.5830078125,0.80615234375,0.0107421875,-0.18310546875,0.67138671875,0.732421875,0,0,0,0.0,0.0,0.0,28.15,,,,,,,0.9949347241713591,1.0103116062772735
elevator-unknown,1773732122803,2026-03-17 15:22:02.803,1773732122798,5,1,-0.58251953125,0.80712890625,0.009765625,-0.1220703125,0.732421875,0.732421875,0,0,0,0.0,0.0,0.0,28.02,,,,,,,0.9954302803429689,1.0429692071920815
elevator-unknown,1773732122826,2026-03-17 15:22:02.826,1773732122824,2,1,-0.5810546875,0.8056640625,0.009765625,-0.244140625,0.67138671875,0.67138671875,0,0,0,0.0,0.0,0.0,28.21,,,,,,,0.993385372804214,0.9803697756475226
elevator-unknown,1773732122849,2026-03-17 15:22:02.849,1773732122848,1,1,-0.5810546875,0.80859375,0.01220703125,-0.1220703125,0.67138671875,0.67138671875,0,0,0,0.0,0.0,0.0,27.83,,,,,,,0.9957898443028648,0.9572990198582838
elevator-unknown,1773732122874,2026-03-17 15:22:02.874,1773732122874,0,1,-0.58544921875,0.80712890625,0.015625,-0.18310546875,0.8544921875,0.732421875,0,0,0,0.0,0.0,0.0,27.96,,,,,,,0.9972221415834621,1.1402308161785526
elevator-unknown,1773732122909,2026-03-17 15:22:02.909,1773732122900,9,1,-0.58154296875,0.8076171875,0.01220703125,-0.06103515625,0.67138671875,0.732421875,0,0,0,0.0,0.0,0.0,28.02,,,,,,,0.9952822502485976,0.9954532733337458
elevator-unknown,1773732122933,2026-03-17 15:22:02.933,1773732122924,9,1,-0.5849609375,0.8056640625,0.01171875,-0.244140625,0.67138671875,0.67138671875,0,0,0,0.0,0.0,0.0,28.47,,,,,,,0.9956963438249863,0.9803697756475226
elevator-unknown,1773732122957,2026-03-17 15:22:02.957,1773732122948,9,1,-0.58154296875,0.80908203125,0.0126953125,0.0,0.732421875,0.732421875,0,0,0,0.0,0.0,0.0,28.02,,,,,,,0.996477359880124,1.0358009490037317
elevator-unknown,1773732122980,2026-03-17 15:22:02.980,1773732122974,6,1,-0.58251953125,0.80859375,0.01171875,-0.244140625,0.6103515625,0.732421875,0,0,0,0.0,0.0,0.0,28.02,,,,,,,0.9966394463035991,0.9841623227903503
elevator-unknown,1773732123003,2026-03-17 15:22:03.003,1773732122998,5,1,-0.58251953125,0.80517578125,0.01220703125,-0.1220703125,0.732421875,0.79345703125,0,0,0,0.0,0.0,0.0,27.77,,,,,,,0.9938742649909021,1.0867000619363316
elevator-unknown,1773732123026,2026-03-17 15:22:03.026,1773732123023,3,1,-0.58154296875,0.806640625,0.013671875,-0.244140625,0.79345703125,0.6103515625,0,0,0,0.0,0.0,0.0,27.77,,,,,,,0.9945090459965509,1.030392029793343
elevator-unknown,1773732123048,2026-03-17 15:22:03.048,1773732123048,0,1,-0.58154296875,0.80615234375,0.01318359375,-0.1220703125,0.79345703125,0.67138671875,0,0,0,0.0,0.0,0.0,27.83,,,,,,,0.9941064495215524,1.046534924284805
elevator-unknown,1773732123080,2026-03-17 15:22:03.080,1773732123073,7,1,-0.583984375,0.80810546875,0.01513671875,-0.18310546875,0.732421875,0.732421875,0,0,0,0.0,0.0,0.0,27.96,,,,,,,0.9971465885827994,1.0518608361580863
elevator-unknown,1773732123101,2026-03-17 15:22:03.101,1773732123097,4,1,-0.5830078125,0.8076171875,0.01123046875,-0.1220703125,0.79345703125,0.732421875,0,0,0,0.0,0.0,0.0,28.15,,,,,,,0.996127378606667,1.0867000619363316
elevator-unknown,1773732123123,2026-03-17 15:22:03.123,1773732123122,1,1,-0.58349609375,0.80810546875,0.01416015625,-0.244140625,0.67138671875,0.732421875,0,0,0,0.0,0.0,0.0,27.71,,,,,,,0.99684635228815,1.0231356576074346
elevator-unknown,1773732123155,2026-03-17 15:22:03.155,1773732123147,8,1,-0.5830078125,0.80615234375,0.0126953125,-0.18310546875,0.732421875,0.79345703125,0,0,0,0.0,0.0,0.0,27.96,,,,,,,0.994957728614199,1.0952367214920875
elevator-unknown,1773732123176,2026-03-17 15:22:03.176,1773732123173,3,1,-0.58251953125,0.80517578125,0.01318359375,-0.244140625,0.8544921875,0.732421875,0,0,0,0.0,0.0,0.0,28.15,,,,,,,0.9938867390922532,1.1516090249092534
elevator-unknown,1773732123198,2026-03-17 15:22:03.198,1773732123197,1,1,-0.5830078125,0.8046875,0.013671875,-0.244140625,0.732421875,0.732421875,0,0,0,0.0,0.0,0.0,28.15,,,,,,,0.993784182938278,1.0641843123878598
elevator-unknown,1773732123230,2026-03-17 15:22:03.230,1773732123223,7,1,-0.583984375,0.8076171875,0.01123046875,-0.30517578125,0.6103515625,0.6103515625,0,0,0,0.0,0.0,0.0,27.83,,,,,,,0.9966992501341092,0.91552734375
elevator-unknown,1773732123251,2026-03-17 15:22:03.251,1773732123247,4,1,-0.58056640625,0.806640625,0.01513671875,-0.06103515625,0.67138671875,0.6103515625,0,0,0,0.0,0.0,0.0,28.09,,,,,,,0.9939595415412779,0.9094033462982996
elevator-unknown,1773732123283,2026-03-17 15:22:03.283,1773732123273,10,1,-0.58251953125,0.80322265625,0.0107421875,-0.30517578125,0.6103515625,0.67138671875,0,0,0,0.0,0.0,0.0,27.71,,,,,,,0.99227568467302,0.9572990198582838
elevator-unknown,1773732123305,2026-03-17 15:22:03.305,1773732123297,8,1,-0.5830078125,0.80712890625,0.0107421875,-0.244140625,0.6103515625,0.79345703125,0,0,0,0.0,0.0,0.0,28.09,,,,,,,0.9957261547898808,1.030392029793343
elevator-unknown,1773732123326,2026-03-17 15:22:03.326,1773732123322,4,1,-0.5830078125,0.806640625,0.009765625,-0.18310546875,0.67138671875,0.8544921875,0,0,0,0.0,0.0,0.0,28.28,,,,,,,0.9953203377647151,1.1020184378215203
elevator-unknown,1773732123348,2026-03-17 15:22:03.348,1773732123348,0,1,-0.5830078125,0.80810546875,0.01220703125,-0.1220703125,0.6103515625,0.732421875,0,0,0,0.0,0.0,0.0,28.02,,,,,,,0.9965347809643329,0.9611826018080823
elevator-unknown,1773732123380,2026-03-17 15:22:03.380,1773732123373,7,1,-0.5830078125,0.806640625,0.01416015625,-0.3662109375,0.6103515625,0.79345703125,0,0,0,0.0,0.0,0.0,28.15,,,,,,,0.9953731548326237,1.065933178501769
elevator-unknown,1773732123402,2026-03-17 15:22:03.402,1773732123398,4,1,-0.58154296875,0.80859375,0.013671875,-0.30517578125,0.79345703125,0.67138671875,0,0,0,0.0,0.0,0.0,28.02,,,,,,,0.9960938696767697,1.0832665618468535
elevator-unknown,1773732123424,2026-03-17 15:22:03.424,1773732123422,2,1,-0.583984375,0.80517578125,0.0107421875,-0.18310546875,0.6103515625,0.91552734375,0,0,0,0.0,0.0,0.0,28.02,,,,,,,0.9947166348000689,1.1154581837461588
elevator-unknown,1773732123456,2026-03-17 15:22:03.456,1773732123447,9,1,-0.58251953125,0.80810546875,0.01416015625,-0.18310546875,0.67138671875,0.67138671875,0,0,0,0.0,0.0,0.0,28.28,,,,,,,0.9962750438189252,0.9669787303317176
elevator-unknown,1773732123477,2026-03-17 15:22:03.477,1773732123473,4,1,-0.58251953125,0.80419921875,0.0126953125,-0.244140625,0.67138671875,0.67138671875,0,0,0,0.0,0.0,0.0,28.02,,,,,,,0.9930894011544493,0.9803697756475226
elevator-unknown,1773732123499,2026-03-17 15:22:03.499,1773732123497,2,1,-0.5830078125,0.80859375,0.01171875,-0.18310546875,0.67138671875,0.732421875,0,0,0,0.0,0.0,0.0,28.02,,,,,,,0.9969249174720533,1.0103116062772735
elevator-unknown,1773732123531,2026-03-17 15:22:03.531,1773732123522,9,1,-0.58203125,0.806640625,0.01025390625,-0.244140625,0.79345703125,0.79345703125,0,0,0,0.0,0.0,0.0,28.02,,,,,,,0.9947535455932474,1.1483696119523181
elevator-unknown,1773732123552,2026-03-17 15:22:03.552,1773732123547,5,1,-0.58203125,0.8037109375,0.01123046875,-0.06103515625,0.67138671875,0.732421875,0,0,0,0.0,0.0,0.0,28.02,,,,,,,0.9923899286379503,0.9954532733337458
elevator-unknown,1773732123573,2026-03-17 15:22:03.573,1773732123573,0,1,-0.5830078125,0.8056640625,0.01171875,-0.244140625,0.8544921875,0.732421875,0,0,0,0.0,0.0,0.0,27.96,,,,,,,0.9945501596911045,1.1516090249092534
elevator-unknown,1773732123605,2026-03-17 15:22:03.605,1773732123597,8,1,-0.58447265625,0.80712890625,0.01416015625,-0.3662109375,0.732421875,0.6103515625,0,0,0,0.0,0.0,0.0,28.21,,,,,,,0.9966272458814661,1.021313508952729
elevator-unknown,1773732123627,2026-03-17 15:22:03.627,1773732123623,4,1,-0.58251953125,0.80810546875,0.01171875,-0.1220703125,0.79345703125,0.732421875,0,0,0,0.0,0.0,0.0,28.15,,,,,,,0.9962433347395301,1.0867000619363316
elevator-unknown,1773732123648,2026-03-17 15:22:03.648,1773732123648,0,1,-0.58154296875,0.80517578125,0.013671875,-0.1220703125,0.732421875,0.6103515625,0,0,0,0.0,0.0,0.0,28.15,,,,,,,0.9933212891004234,0.9611826018080823
elevator-unknown,1773732123680,2026-03-17 15:22:03.680,1773732123673,7,1,-0.5830078125,0.80615234375,0.01123046875,-0.18310546875,0.67138671875,0.79345703125,0,0,0,0.0,0.0,0.0,28.15,,,,,,,0.9949401158853723,1.055396512804601
elevator-unknown,1773732123701,2026-03-17 15:22:03.701,1773732123698,3,1,-0.58349609375,0.80712890625,0.01220703125,-0.1220703125,0.67138671875,0.8544921875,0,0,0,0.0,0.0,0.0,28.09,,,,,,,0.9960290027593416,1.0935347208965402
elevator-unknown,1773732123733,2026-03-17 15:22:03.733,1773732123723,10,1,-0.583984375,0.80712890625,0.01123046875,-0.1220703125,0.67138671875,0.6103515625,0,0,0,0.0,0.0,0.0,28.09,,,,,,,0.9963036409533023,0.91552734375
elevator-unknown,1773732123754,2026-03-17 15:22:03.754,1773732123748,6,1,-0.580078125,0.806640625,0.01220703125,-0.18310546875,0.732421875,0.6103515625,0,0,0,0.0,0.0,0.0,27.96,,,,,,,0.9936341080175563,0.9708235913444132
elevator-unknown,1773732123776,2026-03-17 15:22:03.776,1773732123773,3,1,-0.5849609375,0.80419921875,0.0068359375,0.06103515625,0.732421875,0.732421875,0,0,0,0.0,0.0,0.0,28.02,,,,,,,0.9944658927688235,1.03759765625
elevator-unknown,1773732123797,2026-03-17 15:22:03.797,1773732123797,0,1,-0.58251953125,0.80859375,0.0107421875,0.0,0.67138671875,0.54931640625,0,0,0,0.0,0.0,0.0,28.09,,,,,,,0.9966284420078866,0.8674725588105405
elevator-unknown,1773732123829,2026-03-17 15:22:03.829,1773732123822,7,1,-0.56982421875,0.82373046875,-0.0146484375,-0.30517578125,0.48828125,0.732421875,0,0,0,0.0,0.0,0.0,28.15,,,,,,,1.0017215691709618,0.9316612257369231
elevator-unknown,1773732123851,2026-03-17 15:22:03.851,1773732123848,3,1,-0.5869140625,0.7919921875,0.01416015625,-0.244140625,0.91552734375,0.732421875,0,0,0,0.0,0.0,0.0,27.96,,,,,,,0.9858601583623884,1.1975962445281119
elevator-unknown,1773732123883,2026-03-17 15:22:03.883,1773732123873,10,1,-0.57958984375,0.8154296875,0.01806640625,-0.18310546875,0.67138671875,0.732421875,0,0,0,0.0,0.0,0.0,28.15,,,,,,,1.000588005759257,1.0103116062772735
elevator-unknown,1773732123904,2026-03-17 15:22:03.904,1773732123898,6,1,-0.5830078125,0.80419921875,0.01416015625,-0.1220703125,0.79345703125,0.79345703125,0,0,0,0.0,0.0,0.0,28.09,,,,,,,0.9933956930142036,1.1287379155826984
elevator-unknown,1773732123926,2026-03-17 15:22:03.926,1773732123922,4,1,-0.5859375,0.810546875,0.0185546875,-0.18310546875,0.8544921875,0.732421875,0,0,0,0.0,0.0,0.0,28.15,,,,,,,1.0003265801260797,1.1402308161785526
elevator-unknown,1773732123958,2026-03-17 15:22:03.958,1773732123948,10,1,-0.58642578125,0.80126953125,0.00830078125,-0.30517578125,0.79345703125,0.79345703125,0,0,0,0.0,0.0,0.0,28.15,,,,,,,0.9929737970327455,1.1628759084019562
elevator-unknown,1773732123979,2026-03-17 15:22:03.979,1773732123972,7,1,-0.58447265625,0.806640625,0.01171875,-0.18310546875,0.79345703125,0.732421875,0,0,0,0.0,0.0,0.0,28.15,,,,,,,0.9962001369734316,1.0952367214920875
elevator-unknown,1773732124000,2026-03-17 15:22:04.000,1773732123997,3,1,-0.57958984375,0.8056640625,0.0048828125,-0.1220703125,0.79345703125,0.48828125,0,0,0,0.0,0.0,0.0,27.96,,,,,,,0.9924932294177444,0.9396242870080964
elevator-unknown,1773732124032,2026-03-17 15:22:04.032,1773732124023,9,1,-0.5791015625,0.8046875,0.01318359375,-0.244140625,0.79345703125,0.732421875,0,0,0,0.0,0.0,0.0,27.77,,,,,,,0.9914909981892708,1.1070774625986972
elevator-unknown,1773732124054,2026-03-17 15:22:04.054,1773732124048,6,1,-0.58642578125,0.8095703125,0.01220703125,-0.18310546875,0.8544921875,0.67138671875,0,0,0,0.0,0.0,0.0,28.02,,,,,,,0.9997241116467878,1.1020184378215203
elevator-unknown,1773732124076,2026-03-17 15:22:04.076,1773732124072,4,1,-0.57958984375,0.80322265625,0.00927734375,-0.1220703125,0.67138671875,0.732421875,0,0,0,0.0,0.0,0.0,28.21,,,,,,,0.9905438362831352,1.0010509928501419
elevator-unknown,1773732124097,2026-03-17 15:22:04.097,1773732124097,0,1,-0.58642578125,0.80810546875,0.0107421875,-0.18310546875,0.6103515625,0.67138671875,0,0,0,0.0,0.0,0.0,27.96,,,,,,,0.9985214269762143,0.925643975103949
elevator-unknown,1773732124129,2026-03-17 15:22:04.129,1773732124123,6,1,-0.58251953125,0.8056640625,0.01513671875,-0.244140625,0.732421875,0.732421875,0,0,0,0.0,0.0,0.0,27.71,,,,,,,0.9943101659674612,1.0641843123878598
elevator-unknown,1773732124151,2026-03-17 15:22:04.151,1773732124148,3,1,-0.60888671875,0.837890625,-0.01513671875,-0.8544921875,0.67138671875,0.54931640625,0,0,0,0.0,0.0,0.0,28.02,,,,,,,1.0358729922087693,1.2176475429235842
elevator-unknown,1773732124172,2026-03-17 15:22:04.172,1773732124172,0,1,-0.69580078125,0.7744140625,0.30224609375,0.54931640625,1.708984375,0.732421875,2,2,9,0.0,0.0,0.0,28.02,,,,,,,1.0840703706738775,1.9387671111167715
elevator-unknown,1773732124204,2026-03-17 15:22:04.204,1773732124197,7,1,-0.54833984375,0.7978515625,-0.0830078125,-0.1220703125,0.48828125,0.54931640625,1,1,4,0.0,0.0,0.0,28.15,,,,,,,0.9716655787684881,0.7450290292806215
elevator-unknown,1773732124225,2026-03-17 15:22:04.225,1773732124222,3,1,-0.5966796875,0.837890625,0.00830078125,-0.1220703125,0.42724609375,0.79345703125,1,0,1,0.0,0.0,0.0,28.09,,,,,,,1.028667221168901,0.9094033462982996
elevator-unknown,1773732124257,2026-03-17 15:22:04.257,1773732124248,9,1,-0.55224609375,0.80517578125,0.01806640625,-0.18310546875,0.8544921875,0.732421875,0,0,0,0.0,0.0,0.0,27.83,,,,,,,0.9765296625338483,1.1402308161785526
elevator-unknown,1773732124278,2026-03-17 15:22:04.278,1773732124273,5,1,-0.5849609375,0.796875,0.00439453125,-0.1220703125,0.48828125,0.732421875,1,0,0,0.0,0.0,0.0,28.15,,,,,,,0.9885385050319416,0.8886852892188133
elevator-unknown,1773732124300,2026-03-17 15:22:04.300,1773732124298,2,1,-0.578125,0.8056640625,0.0302734375,-0.1220703125,0.9765625,0.732421875,0,0,0,0.0,0.0,0.0,28.02,,,,,,,0.992088493153242,1.2267914576563588
elevator-unknown,1773732124332,2026-03-17 15:22:04.332,1773732124323,9,1,-0.57470703125,0.8046875,-0.00244140625,-0.06103515625,0.42724609375,0.79345703125,0,0,0,0.0,0.0,0.0,28.02,,,,,,,0.9888458448559695,0.9032378287932582
elevator-unknown,1773732124353,2026-03-17 15:22:04.353,1773732124347,6,1,-0.57470703125,0.81591796875,0.0302734375,-0.1220703125,0.732421875,0.79345703125,0,0,0,0.0,0.0,0.0,27.83,,,,,,,0.9984622098584307,1.0867000619363316
elevator-unknown,1773732124375,2026-03-17 15:22:04.375,1773732124373,2,1,-0.58837890625,0.80224609375,0.01220703125,-0.244140625,0.79345703125,0.8544921875,0,0,0,0.0,0.0,0.0,28.09,,,,,,,0.9949560512248863,1.1913587216762167
elevator-unknown,1773732124407,2026-03-17 15:22:04.407,1773732124397,10,1,-0.57861328125,0.81982421875,0.01708984375,-0.30517578125,0.67138671875,0.67138671875,0,0,0,0.0,0.0,0.0,27.96,,,,,,,1.0035921191636266,0.9973226707988398
elevator-unknown,1773732124428,2026-03-17 15:22:04.428,1773732124422,6,1,-0.5830078125,0.794921875,-0.0009765625,0.0,0.732421875,0.79345703125,0,0,0,0.0,0.0,0.0,28.09,,,,,,,0.9857990923427893,1.079822144345345
elevator-unknown,1773732124450,2026-03-17 15:22:04.450,1773732124448,2,1,-0.57177734375,0.80419921875,0.00537109375,-0.1220703125,0.6103515625,0.91552734375,0,0,0,0.0,0.0,0.0,28.02,,,,,,,0.9867596277270302,1.1070774625986972
elevator-unknown,1773732124482,2026-03-17 15:22:04.482,1773732124472,10,1,-0.58984375,0.80810546875,0.00634765625,-0.06103515625,0.732421875,0.6103515625,0,0,0,0.0,0.0,0.0,27.96,,,,,,,1.0004950728402353,0.9553513087462481
elevator-unknown,1773732124503,2026-03-17 15:22:04.503,1773732124498,5,1,-0.576171875,0.8056640625,0.0126953125,-0.18310546875,0.8544921875,0.79345703125,0,0,0,0.0,0.0,0.0,27.96,,,,,,,0.990570432682347,1.1803637454720286
elevator-unknown,1773732124524,2026-03-17 15:22:04.524,1773732124523,1,1,-0.5859375,0.8125,0.01220703125,-0.18310546875,0.732421875,0.79345703125,0,0,0,0.0,0.0,0.0,28.02,,,,,,,1.0018123654248776,1.0952367214920875
elevator-unknown,1773732124557,2026-03-17 15:22:04.557,1773732124547,10,1,-0.57763671875,0.802734375,0.01318359375,-0.30517578125,0.91552734375,0.8544921875,0,0,0,0.0,0.0,0.0,27.83,,,,,,,0.9890502832510956,1.2889838917201462
elevator-unknown,1773732124578,2026-03-17 15:22:04.578,1773732124572,6,1,-0.5859375,0.810546875,0.0146484375,-0.244140625,0.91552734375,0.8544921875,0,0,0,0.0,0.0,0.0,28.09,,,,,,,1.0002617493434942,1.275912167991142
elevator-unknown,1773732124600,2026-03-17 15:22:04.600,1773732124598,2,1,-0.58203125,0.8046875,0.005859375,0.06103515625,0.8544921875,0.67138671875,0,0,0,0.0,0.0,0.0,28.02,,,,,,,0.9931347747955477,1.0884127502518925
elevator-unknown,1773732124631,2026-03-17 15:22:04.631,1773732124622,9,1,-0.5869140625,0.80810546875,0.0009765625,-0.244140625,0.54931640625,0.67138671875,0,0,0,0.0,0.0,0.0,28.02,,,,,,,0.9987509795030128,0.9011732824849488
elevator-unknown,1773732124653,2026-03-17 15:22:04.653,1773732124647,6,1,-0.580078125,0.80810546875,0.01611328125,-0.244140625,0.732421875,0.67138671875,0,0,0,0.0,0.0,0.0,28.09,,,,,,,0.9948792477279916,1.0231356576074346
elevator-unknown,1773732124674,2026-03-17 15:22:04.674,1773732124672,2,1,-0.583984375,0.802734375,0.01708984375,-0.30517578125,0.67138671875,0.6103515625,0,0,0,0.0,0.0,0.0,28.02,,,,,,,0.992830443635861,0.9572990198582838
elevator-unknown,1773732124706,2026-03-17 15:22:04.706,1773732124698,8,1,-0.5830078125,0.80908203125,0.0107421875,-0.18310546875,0.79345703125,0.79345703125,0,0,0,0.0,0.0,0.0,27.83,,,,,,,0.9973100006116185,1.1369589849973851
elevator-unknown,1773732124728,2026-03-17 15:22:04.728,1773732124722,6,1,-0.57958984375,0.802734375,0.0126953125,-0.244140625,0.6103515625,0.79345703125,0,0,0,0.0,0.0,0.0,28.02,,,,,,,0.9901858586872783,1.030392029793343
elevator-unknown,1773732124749,2026-03-17 15:22:04.749,1773732124747,2,1,-0.58642578125,0.8056640625,0.0185546875,-0.244140625,0.79345703125,0.67138671875,0,0,0,0.0,0.0,0.0,28.02,,,,,,,0.9966614545305238,1.0676791799643495
elevator-unknown,1773732124781,2026-03-17 15:22:04.781,1773732124773,8,1,-0.58447265625,0.7998046875,0.005859375,-0.1220703125,0.67138671875,0.79345703125,0,0,0,0.0,0.0,0.0,28.09,,,,,,,0.9906210962453272,1.046534924284805
elevator-unknown,1773732124803,2026-03-17 15:22:04.803,1773732124798,5,1,-0.58935546875,0.8017578125,0.01123046875,-0.1220703125,0.79345703125,0.79345703125,0,0,0,0.0,0.0,0.0,27.96,,,,,,,0.995128927264534,1.1287379155826984
elevator-unknown,1773732124824,2026-03-17 15:22:04.824,1773732124822,2,1,-0.57763671875,0.80810546875,0.00830078125,-0.1220703125,0.732421875,0.67138671875,0,0,0,0.0,0.0,0.0,27.83,,,,,,,0.9933617319190851,1.0010509928501419
elevator-unknown,1773732124856,2026-03-17 15:22:04.856,1773732124848,8,1,-0.58154296875,0.8037109375,0.0126953125,-0.18310546875,0.54931640625,0.79345703125,0,0,0,0.0,0.0,0.0,27.96,,,,,,,0.9921212962733765,0.9822678796039478
elevator-unknown,1773732124877,2026-03-17 15:22:04.877,1773732124872,5,1,-0.5859375,0.80712890625,0.013671875,-0.06103515625,0.67138671875,0.67138671875,0,0,0,0.0,0.0,0.0,28.02,,,,,,,0.9974801979872016,0.951443925056146
elevator-unknown,1773732124899,2026-03-17 15:22:04.899,1773732124898,1,1,-0.58544921875,0.8046875,0.0166015625,-0.1220703125,0.6103515625,0.67138671875,0,0,0,0.0,0.0,0.0,28.02,,,,,,,0.9952629663906303,0.91552734375
elevator-unknown,1773732124930,2026-03-17 15:22:04.930,1773732124922,8,1,-0.5810546875,0.8115234375,0.01171875,-0.1220703125,0.67138671875,0.6103515625,0,0,0,0.0,0.0,0.0,28.15,,,,,,,0.9981643995750908,0.91552734375
elevator-unknown,1773732124952,2026-03-17 15:22:04.952,1773732124947,5,1,-0.57861328125,0.8076171875,0.01171875,-0.3662109375,0.67138671875,0.732421875,0,0,0,0.0,0.0,0.0,28.09,,,,,,,0.9935674007765474,1.0589203840879804
elevator-unknown,1773732124973,2026-03-17 15:22:04.973,1773732124972,1,1,-0.58740234375,0.806640625,0.005859375,-0.18310546875,0.8544921875,0.732421875,0,0,0,0.0,0.0,0.0,27.71,,,,,,,0.9978702037934465,1.1402308161785526
elevator-unknown,1773732125005,2026-03-17 15:22:05.005,1773732124997,8,1,-0.57177734375,0.806640625,0.0078125,-0.3662109375,0.79345703125,0.732421875,0,0,0,0.0,0.0,0.0,27.96,,,,,,,0.9887666377272477,1.1402308161785526
elevator-unknown,1773732125027,2026-03-17 15:22:05.027,1773732125024,3,1,-0.583984375,0.8095703125,0.005859375,-0.244140625,0.732421875,0.67138671875,0,0,0,0.0,0.0,0.0,28.15,,,,,,,0.9982365317903763,1.0231356576074346
elevator-unknown,1773732125051,2026-03-17 15:22:05.051,1773732125048,3,1,-0.58154296875,0.8076171875,0.0146484375,-0.06103515625,0.732421875,0.79345703125,0,0,0,0.0,0.0,0.0,28.02,,,,,,,0.9953151876512109,1.081545724284018
elevator-unknown,1773732125074,2026-03-17 15:22:05.074,1773732125073,1,1,-0.58642578125,0.80615234375,0.0146484375,-0.1220703125,0.732421875,0.8544921875,0,0,0,0.0,0.0,0.0,28.02,,,,,,,0.996991160928462,1.1320335077509405
elevator-unknown,1773732125099,2026-03-17 15:22:05.099,1773732125099,0,1,-0.58251953125,0.80908203125,0.01611328125,-0.3662109375,0.67138671875,0.732421875,0,0,0,0.0,0.0,0.0,28.02,,,,,,,0.9970969739257999,1.0589203840879804
elevator-unknown,1773732125133,2026-03-17 15:22:05.133,1773732125125,8,1,-0.58056640625,0.8017578125,0.01123046875,-0.18310546875,0.732421875,0.732421875,0,0,0,0.0,0.0,0.0,28.09,,,,,,,0.9899490216163507,1.0518608361580863
elevator-unknown,1773732125157,2026-03-17 15:22:05.157,1773732125148,9,1,-0.58203125,0.80517578125,0.01025390625,-0.3662109375,0.67138671875,0.732421875,0,0,0,0.0,0.0,0.0,27.77,,,,,,,0.9935660809837935,1.0589203840879804
elevator-unknown,1773732125180,2026-03-17 15:22:05.180,1773732125174,6,1,-0.5810546875,0.8056640625,0.01416015625,-0.244140625,0.8544921875,0.8544921875,0,0,0,0.0,0.0,0.0,28.09,,,,,,,0.9934382927463341,1.232849723921152
elevator-unknown,1773732125204,2026-03-17 15:22:05.204,1773732125199,5,1,-0.5830078125,0.80810546875,0.0126953125,-0.1220703125,0.67138671875,0.48828125,0,0,0,0.0,0.0,0.0,27.71,,,,,,,0.9965408817600837,0.8390946707072461
elevator-unknown,1773732125228,2026-03-17 15:22:05.228,1773732125223,5,1,-0.5830078125,0.8095703125,0.005859375,-0.18310546875,0.54931640625,0.6103515625,0,0,0,0.0,0.0,0.0,28.21,,,,,,,0.9976655414480212,0.8413115693414442
elevator-unknown,1773732125251,2026-03-17 15:22:05.251,1773732125249,2,1,-0.583984375,0.80517578125,0.013671875,-0.30517578125,0.8544921875,0.732421875,0,0,0,0.0,0.0,0.0,27.96,,,,,,,0.9947525868886716,1.1660750228602783
elevator-unknown,1773732125274,2026-03-17 15:22:05.274,1773732125273,1,1,-0.58447265625,0.8076171875,0.01611328125,-0.1220703125,0.67138671875,0.732421875,0,0,0,0.0,0.0,0.0,28.02,,,,,,,0.9970523784044559,1.0010509928501419
elevator-unknown,1773732125299,2026-03-17 15:22:05.299,1773732125299,0,1,-0.58154296875,0.80517578125,0.00927734375,0.0,0.67138671875,0.732421875,0,0,0,0.0,0.0,0.0,28.02,,,,,,,0.9932705232317967,0.9935803586486637
elevator-unknown,1773732125334,2026-03-17 15:22:05.334,1773732125325,9,1,-0.58544921875,0.80615234375,0.01220703125,-0.1220703125,0.67138671875,0.6103515625,0,0,0,0.0,0.0,0.0,27.83,,,,,,,0.9963841632023975,0.91552734375
elevator-unknown,1773732125358,2026-03-17 15:22:05.358,1773732125349,9,1,-0.58447265625,0.80517578125,0.01220703125,-0.244140625,0.6103515625,0.6103515625,0,0,0,0.0,0.0,0.0,28.21,,,,,,,0.99502026925456,0.8970299351012615
elevator-unknown,1773732125381,2026-03-17 15:22:05.381,1773732125374,7,1,-0.57958984375,0.8095703125,0.00732421875,-0.18310546875,0.6103515625,0.8544921875,0,0,0,0.0,0.0,0.0,27.96,,,,,,,0.9956817373236264,1.065933178501769
elevator-unknown,1773732125405,2026-03-17 15:22:05.405,1773732125398,7,1,-0.58984375,0.80517578125,0.017578125,-0.18310546875,0.732421875,0.67138671875,0,0,0,0.0,0.0,0.0,27.96,,,,,,,0.9982648339013681,1.0103116062772735
elevator-unknown,1773732125428,2026-03-17 15:22:05.428,1773732125423,5,1,-0.5751953125,0.81298828125,0.0126953125,-0.244140625,0.67138671875,0.79345703125,0,0,0,0.0,0.0,0.0,27.96,,,,,,,0.9959722706638345,1.0676791799643495
elevator-unknown,1773732125449,2026-03-17 15:22:05.449,1773732125447,2,1,-0.5849609375,0.806640625,0.01611328125,-0.18310546875,0.79345703125,0.8544921875,0,0,0,0.0,0.0,0.0,28.02,,,,,,,0.9965480591190328,1.1803637454720286
elevator-unknown,1773732125481,2026-03-17 15:22:05.481,1773732125472,9,1,-0.58642578125,0.80859375,0.0107421875,-0.18310546875,0.6103515625,0.732421875,0,0,0,0.0,0.0,0.0,28.02,,,,,,,0.9989166351833473,0.9708235913444132
elevator-unknown,1773732125503,2026-03-17 15:22:05.503,1773732125497,6,1,-0.5830078125,0.8046875,0.01171875,-0.30517578125,0.67138671875,0.67138671875,0,0,0,0.0,0.0,0.0,27.77,,,,,,,0.993759232004336,0.9973226707988398
elevator-unknown,1773732125525,2026-03-17 15:22:05.525,1773732125523,2,1,-0.580078125,0.8076171875,0.009765625,-0.244140625,0.6103515625,0.79345703125,0,0,0,0.0,0.0,0.0,27.96,,,,,,,0.9944000804910297,1.030392029793343
elevator-unknown,1773732125556,2026-03-17 15:22:05.556,1773732125548,8,1,-0.5849609375,0.802734375,0.013671875,-0.1220703125,0.67138671875,0.732421875,0,0,0,0.0,0.0,0.0,28.15,,,,,,,0.9933522514060836,1.0010509928501419
elevator-unknown,1773732125578,2026-03-17 15:22:05.578,1773732125573,5,1,-0.58740234375,0.810546875,0.01123046875,-0.06103515625,0.732421875,0.732421875,0,0,0,0.0,0.0,0.0,28.28,,,,,,,1.0010763574491226,1.03759765625
elevator-unknown,1773732125599,2026-03-17 15:22:05.599,1773732125597,2,1,-0.5830078125,0.8076171875,0.01318359375,-0.06103515625,0.732421875,0.732421875,0,0,0,0.0,0.0,0.0,27.96,,,,,,,0.9961513128664793,1.03759765625
elevator-unknown,1773732125631,2026-03-17 15:22:05.631,1773732125623,8,1,-0.58203125,0.80908203125,0.0107421875,-0.1220703125,0.67138671875,0.732421875,0,0,0,0.0,0.0,0.0,27.96,,,,,,,0.9967394362923911,1.0010509928501419
elevator-unknown,1773732125653,2026-03-17 15:22:05.653,1773732125648,5,1,-0.578125,0.80810546875,0.0107421875,-0.18310546875,0.79345703125,0.79345703125,0,0,0,0.0,0.0,0.0,28.09,,,,,,,0.9936691395232834,1.1369589849973851
elevator-unknown,1773732125674,2026-03-17 15:22:05.674,1773732125673,1,1,-0.5849609375,0.8037109375,0.0048828125,-0.18310546875,0.79345703125,0.6103515625,0,0,0,0.0,0.0,0.0,28.02,,,,,,,0.9940595612516978,1.0176594238606609
elevator-unknown,1773732125706,2026-03-17 15:22:05.706,1773732125698,8,1,-0.58642578125,0.802734375,0.01123046875,-0.1220703125,0.79345703125,0.732421875,0,0,0,0.0,0.0,0.0,28.15,,,,,,,0.9941849914123921,1.0867000619363316
elevator-unknown,1773732125727,2026-03-17 15:22:05.727,1773732125722,5,1,-0.58251953125,0.8056640625,0.01220703125,-0.42724609375,0.67138671875,0.732421875,0,0,0,0.0,0.0,0.0,28.21,,,,,,,0.9942698816235268,1.081545724284018
elevator-unknown,1773732125749,2026-03-17 15:22:05.749,1773732125747,2,1,-0.58447265625,0.80810546875,0.01025390625,-0.244140625,0.8544921875,0.8544921875,0,0,0,0.0,0.0,0.0,28.09,,,,,,,0.9973704813763898,1.232849723921152
elevator-unknown,1773732125781,2026-03-17 15:22:05.781,1773732125772,9,1,-0.58837890625,0.80419921875,0.01416015625,-0.30517578125,0.732421875,0.79345703125,0,0,0,0.0,0.0,0.0,27.96,,,,,,,0.9965573896083864,1.1221176947540428
elevator-unknown,1773732125802,2026-03-17 15:22:05.802,1773732125797,5,1,-0.59033203125,0.802734375,0.01611328125,-0.30517578125,0.6103515625,0.67138671875,0,0,0,0.0,0.0,0.0,27.96,,,,,,,0.996561097855537,0.9572990198582838
elevator-unknown,1773732125824,2026-03-17 15:22:05.824,1773732125822,2,1,-0.58056640625,0.8115234375,0.01025390625,-0.1220703125,0.732421875,0.732421875,0,0,0,0.0,0.0,0.0,28.15,,,,,,,0.9978641111249769,1.0429692071920815
elevator-unknown,1773732125856,2026-03-17 15:22:05.856,1773732125848,8,1,-0.5771484375,0.810546875,0.01025390625,-0.30517578125,0.6103515625,0.732421875,0,0,0,0.0,0.0,0.0,28.21,,,,,,,0.9950837643506907,1.0010509928501419
elevator-unknown,1773732125877,2026-03-17 15:22:05.877,1773732125872,5,1,-0.5888671875,0.810546875,0.0107421875,-0.244140625,0.732421875,0.732421875,0,0,0,0.0,0.0,0.0,28.02,,,,,,,1.001931233008888,1.0641843123878598
elevator-unknown,1773732125899,2026-03-17 15:22:05.899,1773732125898,1,1,-0.587890625,0.80224609375,0.0107421875,-0.18310546875,0.67138671875,0.732421875,0,0,0,0.0,0.0,0.0,28.09,,,,,,,0.9946504795616948,1.0103116062772735
elevator-unknown,1773732125931,2026-03-17 15:22:05.931,1773732125922,9,1,-0.58154296875,0.81005859375,0.015625,-0.1220703125,0.67138671875,0.79345703125,0,0,0,0.0,0.0,0.0,27.83,,,,,,,0.9973120326336141,1.046534924284805
elevator-unknown,1773732125952,2026-03-17 15:22:05.952,1773732125947,5,1,-0.58154296875,0.802734375,0.01171875,-0.06103515625,0.732421875,0.79345703125,0,0,0,0.0,0.0,0.0,27.83,,,,,,,0.9913183295040835,1.081545724284018
elevator-unknown,1773732125974,2026-03-17 15:22:05.974,1773732125972,2,1,-0.5849609375,0.81005859375,0.01416015625,-0.30517578125,0.67138671875,0.67138671875,0,0,0,0.0,0.0,0.0,28.02,,,,,,,0.999287112762959,0.9973226707988398
elevator-unknown,1773732126005,2026-03-17 15:22:06.005,1773732125997,8,1,-0.57958984375,0.8076171875,0.00732421875,-0.30517578125,0.732421875,0.79345703125,0,0,0,0.0,0.0,0.0,28.15,,,,,,,0.9940943379296844,1.1221176947540428
elevator-unknown,1773732126027,2026-03-17 15:22:06.027,1773732126023,4,1,-0.58203125,0.80078125,0.0146484375,-0.06103515625,0.732421875,0.79345703125,0,0,0,0.0,0.0,0.0,27.83,,,,,,,0.9900634136505179,1.081545724284018
elevator-unknown,1773732126048,2026-03-17 15:22:06.048,1773732126047,1,1,-0.58056640625,0.80078125,0.0068359375,-0.244140625,0.6103515625,0.732421875,0,0,0,0.0,0.0,0.0,28.09,,,,,,,0.9891181387777228,0.9841623227903503
elevator-unknown,1773732126080,2026-03-17 15:22:06.080,1773732126073,7,1,-0.58544921875,0.80712890625,0.01318359375,-0.06103515625,0.732421875,0.67138671875,0,0,0,0.0,0.0,0.0,28.02,,,,,,,0.9971868762591451,0.9954532733337458
elevator-unknown,1773732126101,2026-03-17 15:22:06.101,1773732126097,4,1,-0.5859375,0.80859375,0.013671875,-0.18310546875,0.54931640625,0.79345703125,0,0,0,0.0,0.0,0.0,28.02,,,,,,,0.9986658733587166,0.9822678796039478
elevator-unknown,1773732126123,2026-03-17 15:22:06.123,1773732126123,0,1,-0.59033203125,0.8056640625,0.01513671875,-0.06103515625,0.67138671875,0.6103515625,0,0,0,0.0,0.0,0.0,28.15,,,,,,,0.9989072073912929,0.9094033462982996
elevator-unknown,1773732126155,2026-03-17 15:22:06.155,1773732126147,8,1,-0.59033203125,0.8056640625,0.015625,-0.1220703125,0.67138671875,0.67138671875,0,0,0,0.0,0.0,0.0,28.02,,,,,,,0.9989147257642941,0.9572990198582838
elevator-unknown,1773732126177,2026-03-17 15:22:06.177,1773732126173,4,1,-0.578125,0.80712890625,0.01123046875,-0.18310546875,0.79345703125,0.79345703125,0,0,0,0.0,0.0,0.0,28.02,,,,,,,0.9928805116214469,1.1369589849973851
elevator-unknown,1773732126198,2026-03-17 15:22:06.198,1773732126197,1,1,-0.58349609375,0.80322265625,0.01318359375,-0.18310546875,0.67138671875,0.6103515625,0,0,0,0.0,0.0,0.0,28.09,,,,,,,0.9928787106585474,0.925643975103949
elevator-unknown,1773732126230,2026-03-17 15:22:06.230,1773732126223,7,1,-0.583984375,0.80322265625,0.01611328125,-0.1220703125,0.79345703125,0.67138671875,0,0,0,0.0,0.0,0.0,27.77,,,,,,,0.9932089526328727,1.046534924284805
elevator-unknown,1773732126252,2026-03-17 15:22:06.252,1773732126248,4,1,-0.59521484375,0.80029296875,0.01220703125,-0.3662109375,0.6103515625,0.67138671875,0,0,0,0.0,0.0,0.0,28.02,,,,,,,0.9974460174179672,0.9784679896167845
elevator-unknown,1773732126273,2026-03-17 15:22:06.273,1773732126273,0,1,-0.5791015625,0.8095703125,0.0146484375,-0.18310546875,0.6103515625,0.79345703125,0,0,0,0.0,0.0,0.0,28.15,,,,,,,0.9954784213093122,1.0176594238606609
elevator-unknown,1773732126305,2026-03-17 15:22:06.305,1773732126298,7,1,-0.58251953125,0.8037109375,0.01220703125,-0.18310546875,0.79345703125,0.67138671875,0,0,0,0.0,0.0,0.0,28.09,,,,,,,0.9926879101494019,1.055396512804601
elevator-unknown,1773732126327,2026-03-17 15:22:06.327,1773732126323,4,1,-0.5771484375,0.8125,0.0087890625,0.0,0.79345703125,0.67138671875,0,0,0,0.0,0.0,0.0,27.96,,,,,,,0.9966613349219083,1.0393912576859377
elevator-unknown,1773732126348,2026-03-17 15:22:06.348,1773732126347,1,1,-0.58837890625,0.80419921875,0.0068359375,-0.30517578125,0.732421875,0.732421875,0,0,0,0.0,0.0,0.0,28.02,,,,,,,0.996480231012919,1.079822144345345
elevator-unknown,1773732126380,2026-03-17 15:22:06.380,1773732126372,8,1,-0.580078125,0.8056640625,0.01123046875,-0.244140625,0.732421875,0.8544921875,0,0,0,0.0,0.0,0.0,27.96,,,,,,,0.9928299633551881,1.1516090249092534
elevator-unknown,1773732126402,2026-03-17 15:22:06.402,1773732126398,4,1,-0.58349609375,0.81005859375,0.0078125,-0.3662109375,0.6103515625,0.67138671875,0,0,0,0.0,0.0,0.0,27.96,,,,,,,0.9983604819332476,0.9784679896167845
elevator-unknown,1773732126423,2026-03-17 15:22:06.423,1773732126422,1,1,-0.587890625,0.8037109375,0.01318359375,-0.18310546875,0.79345703125,0.8544921875,0,0,0,0.0,0.0,0.0,28.02,,,,,,,0.9958616696932283,1.1803637454720286
elevator-unknown,1773732126455,2026-03-17 15:22:06.455,1773732126447,8,1,-0.591796875,0.80029296875,0.00830078125,-0.30517578125,0.732421875,0.79345703125,0,0,0,0.0,0.0,0.0,28.15,,,,,,,0.9953699212151301,1.1221176947540428
elevator-unknown,1773732126477,2026-03-17 15:22:06.477,1773732126473,4,1,-0.5791015625,0.80224609375,0.0068359375,-0.244140625,0.67138671875,0.79345703125,0,0,0,0.0,0.0,0.0,28.02,,,,,,,0.9894463829175278,1.0676791799643495
elevator-unknown,1773732126498,2026-03-17 15:22:06.498,1773732126498,0,1,-0.5771484375,0.81298828125,0.01171875,-0.244140625,0.54931640625,0.91552734375,0,0,0,0.0,0.0,0.0,27.71,,,,,,,0.9970895614036299,1.0952367214920875
elevator-unknown,1773732126530,2026-03-17 15:22:06.530,1773732126523,7,1,-0.58056640625,0.80712890625,0.005859375,-0.06103515625,0.732421875,0.732421875,0,0,0,0.0,0.0,0.0,27.96,,,,,,,0.9942578919202764,1.03759765625
elevator-unknown,1773732126552,2026-03-17 15:22:06.552,1773732126548,4,1,-0.5849609375,0.79443359375,0.013671875,-0.1220703125,0.67138671875,0.67138671875,0,0,0,0.0,0.0,0.0,27.77,,,,,,,0.9866564515805056,0.9572990198582838
elevator-unknown,1773732126573,2026-03-17 15:22:06.573,1773732126572,1,1,-0.57958984375,0.81005859375,0.0185546875,-0.18310546875,0.732421875,0.79345703125,0,0,0,0.0,0.0,0.0,28.09,,,,,,,0.9962246677906543,1.0952367214920875
elevator-unknown,1773732126605,2026-03-17 15:22:06.605,1773732126598,7,1,-0.57666015625,0.8193359375,0.01953125,-0.18310546875,0.67138671875,0.732421875,0,0,0,0.0,0.0,0.0,28.09,,,,,,,1.0021126603390662,1.0103116062772735
elevator-unknown,1773732126627,2026-03-17 15:22:06.627,1773732126623,4,1,-0.576171875,0.81201171875,0.0146484375,-0.1220703125,0.67138671875,0.6103515625,0,0,0,0.0,0.0,0.0,28.09,,,,,,,0.9957668590837597,0.91552734375
elevator-unknown,1773732126648,2026-03-17 15:22:06.648,1773732126647,1,1,-0.591796875,0.80126953125,0.01708984375,-0.18310546875,0.732421875,0.6103515625,0,0,0,0.0,0.0,0.0,28.28,,,,,,,0.9962672662136199,0.9708235913444132
elevator-unknown,1773732126680,2026-03-17 15:22:06.680,1773732126673,7,1,-0.58984375,0.80615234375,0.01708984375,-0.18310546875,0.79345703125,0.79345703125,0,0,0,0.0,0.0,0.0,27.96,,,,,,,0.9990441999766978,1.1369589849973851
elevator-unknown,1773732126702,2026-03-17 15:22:06.702,1773732126698,4,1,-0.5703125,0.818359375,0.01904296875,-0.244140625,0.6103515625,0.67138671875,0,0,0,0.0,0.0,0.0,27.77,,,,,,,0.997662793214949,0.9396242870080964
elevator-unknown,1773732126723,2026-03-17 15:22:06.723,1773732126723,0,1,-0.58642578125,0.79736328125,0.001953125,-0.18310546875,0.6103515625,0.79345703125,0,0,0,0.0,0.0,0.0,28.02,,,,,,,0.9897915002149216,1.0176594238606609
elevator-unknown,1773732126755,2026-03-17 15:22:06.755,1773732126748,7,1,-0.58984375,0.798828125,0.02392578125,-0.18310546875,0.732421875,0.732421875,0,0,0,0.0,0.0,0.0,28.15,,,,,,,0.9932846851298478,1.0518608361580863
elevator-unknown,1773732126776,2026-03-17 15:22:06.776,1773732126773,3,1,-0.5771484375,0.80419921875,0.00927734375,0.0,0.67138671875,0.67138671875,0,0,0,0.0,0.0,0.0,27.96,,,,,,,0.9899104865864677,0.9494842032534208
elevator-unknown,1773732126798,2026-03-17 15:22:06.798,1773732126798,0,1,-0.576171875,0.814453125,0.015625,-0.244140625,0.79345703125,0.67138671875,0,0,0,0.0,0.0,0.0,28.15,,,,,,,0.9977735529609317,1.0676791799643495
elevator-unknown,1773732126829,2026-03-17 15:22:06.829,1773732126822,7,1,-0.57275390625,0.8095703125,0.02197265625,0.06103515625,0.6103515625,0.8544921875,0,0,0,0.0,0.0,0.0,28.15,,,,,,,0.9919344361542561,1.0518608361580863
elevator-unknown,1773732126851,2026-03-17 15:22:06.851,1773732126848,3,1,-0.6005859375,0.79638671875,0.01416015625,-0.3662109375,0.732421875,0.8544921875,0,0,0,0.0,0.0,0.0,27.71,,,,,,,0.9975649272850213,1.1835155901895333
elevator-unknown,1773732126873,2026-03-17 15:22:06.873,1773732126873,0,1,-0.58154296875,0.806640625,0.00537109375,-0.18310546875,0.9765625,0.732421875,0,0,0,0.0,0.0,0.0,27.77,,,,,,,0.9944295706841312,1.2343596445408132
elevator-unknown,1773732126905,2026-03-17 15:22:06.905,1773732126898,7,1,-0.57861328125,0.8154296875,0.01806640625,-0.18310546875,0.79345703125,0.67138671875,0,0,0,0.0,0.0,0.0,27.96,,,,,,,1.0000226495085145,1.055396512804601
elevator-unknown,1773732126926,2026-03-17 15:22:06.926,1773732126923,3,1,-0.5751953125,0.822265625,0.01123046875,-0.1220703125,0.6103515625,0.67138671875,0,0,0,0.0,0.0,0.0,27.83,,,,,,,1.0035419916510508,0.91552734375
elevator-unknown,1773732126948,2026-03-17 15:22:06.948,1773732126947,1,1,-0.57763671875,0.8076171875,0.0,-0.18310546875,0.8544921875,0.67138671875,0,0,0,0.0,0.0,0.0,28.15,,,,,,,0.9929298567339371,1.1020184378215203
elevator-unknown,1773732126980,2026-03-17 15:22:06.980,1773732126973,7,1,-0.5927734375,0.8125,0.0205078125,-0.244140625,0.67138671875,0.732421875,0,0,0,0.0,0.0,0.0,28.02,,,,,,,1.0059608186102984,1.0231356576074346
elevator-unknown,1773732127001,2026-03-17 15:22:07.001,1773732126998,3,1,-0.5791015625,0.814453125,0.02099609375,-0.06103515625,0.6103515625,0.732421875,0,0,0,0.0,0.0,0.0,27.96,,,,,,,0.9995665803061674,0.9553513087462481
elevator-unknown,1773732127033,2026-03-17 15:22:07.033,1773732127023,10,1,-0.5712890625,0.80322265625,0.013671875,-0.06103515625,0.48828125,0.732421875,0,0,0,0.0,0.0,0.0,28.15,,,,,,,0.985760999741545,0.8823750179932227
elevator-unknown,1773732127054,2026-03-17 15:22:07.054,1773732127048,6,1,-0.57666015625,0.80126953125,0.013671875,-0.244140625,0.8544921875,0.79345703125,0,0,0,0.0,0.0,0.0,28.09,,,,,,,0.9872976844305291,1.1913587216762167
elevator-unknown,1773732127076,2026-03-17 15:22:07.076,1773732127073,3,1,-0.58251953125,0.80615234375,0.009765625,-0.18310546875,0.6103515625,0.732421875,0,0,0,0.0,0.0,0.0,28.02,,,,,,,0.9946386142981674,0.9708235913444132
elevator-unknown,1773732127108,2026-03-17 15:22:07.108,1773732127098,10,1,-0.57421875,0.81396484375,0.0087890625,-0.1220703125,0.732421875,0.79345703125,0,0,0,0.0,0.0,0.0,28.15,,,,,,,0.9961642371276703,1.0867000619363316
elevator-unknown,1773732127129,2026-03-17 15:22:07.129,1773732127123,6,1,-0.5849609375,0.80126953125,-0.00146484375,-0.3662109375,0.732421875,0.6103515625,0,0,0,0.0,0.0,0.0,28.09,,,,,,,0.9920757561182943,1.021313508952729
elevator-unknown,1773732127151,2026-03-17 15:22:07.151,1773732127148,3,1,-0.5986328125,0.7978515625,0.01708984375,-0.18310546875,0.67138671875,0.79345703125,0,0,0,0.0,0.0,0.0,27.96,,,,,,,0.9976073489829308,1.055396512804601
elevator-unknown,1773732127173,2026-03-17 15:22:07.173,1773732127172,1,1,-0.59423828125,0.80419921875,0.03076171875,-0.244140625,0.732421875,0.79345703125,0,0,0,0.0,0.0,0.0,28.02,,,,,,,1.0004008205122177,1.1070774625986972
elevator-unknown,1773732127205,2026-03-17 15:22:07.205,1773732127197,8,1,-0.57421875,0.80615234375,0.01953125,-0.1220703125,0.67138671875,0.732421875,0,0,0,0.0,0.0,0.0,27.96,,,,,,,0.989944566080214,1.0010509928501419
elevator-unknown,1773732127226,2026-03-17 15:22:07.226,1773732127222,4,1,-0.5869140625,0.81494140625,0.0087890625,0.0,0.54931640625,0.732421875,0,0,0,0.0,0.0,0.0,27.83,,,,,,,1.0043280639316072,0.91552734375
elevator-unknown,1773732127258,2026-03-17 15:22:07.258,1773732127248,10,1,-0.5849609375,0.80517578125,0.01025390625,-0.18310546875,0.6103515625,0.79345703125,0,0,0,0.0,0.0,0.0,27.96,,,,,,,0.995285124828966,1.0176594238606609
elevator-unknown,1773732127280,2026-03-17 15:22:07.280,1773732127272,8,1,-0.578125,0.814453125,0.0263671875,-0.06103515625,0.79345703125,0.6103515625,0,0,0,0.0,0.0,0.0,28.02,,,,,,,0.9991284387024152,1.0029099563693227
elevator-unknown,1773732127301,2026-03-17 15:22:07.301,1773732127298,3,1,-0.57568359375,0.806640625,0.01171875,-0.18310546875,0.48828125,0.732421875,0,0,0,0.0,0.0,0.0,28.15,,,,,,,0.9910691333680351,0.8991039955234519
elevator-unknown,1773732127333,2026-03-17 15:22:07.333,1773732127323,10,1,-0.58984375,0.80615234375,0.01416015625,-0.3662109375,0.6103515625,0.79345703125,0,0,0,0.0,0.0,0.0,28.15,,,,,,,0.9989983787638022,1.065933178501769
elevator-unknown,1773732127354,2026-03-17 15:22:07.354,1773732127348,6,1,-0.58154296875,0.802734375,0.00390625,-0.244140625,0.67138671875,0.732421875,0,0,0,0.0,0.0,0.0,27.83,,,,,,,0.9912567579079936,1.0231356576074346
elevator-unknown,1773732127376,2026-03-17 15:22:07.376,1773732127373,3,1,-0.5908203125,0.80712890625,0.03271484375,-0.1220703125,0.732421875,0.732421875,0,0,0,0.0,0.0,0.0,28.28,,,,,,,1.0007976688464586,1.0429692071920815
elevator-unknown,1773732127398,2026-03-17 15:22:07.398,1773732127398,0,1,-0.58203125,0.806640625,0.01953125,-0.18310546875,0.67138671875,0.732421875,0,0,0,0.0,0.0,0.0,28.02,,,,,,,0.9948924281566905,1.0103116062772735
elevator-unknown,1773732127430,2026-03-17 15:22:07.430,1773732127424,6,1,-0.5830078125,0.7861328125,0.01416015625,-0.18310546875,0.91552734375,0.67138671875,0,0,0,0.0,0.0,0.0,28.09,,,,,,,0.9788275733499847,1.1499904590708478
elevator-unknown,1773732127454,2026-03-17 15:22:07.454,1773732127448,6,1,-0.59228515625,0.8115234375,0.01318359375,-0.06103515625,0.79345703125,0.732421875,0,0,0,0.0,0.0,0.0,28.21,,,,,,,1.0047615652830617,1.081545724284018
elevator-unknown,1773732127477,2026-03-17 15:22:07.477,1773732127475,2,1,-0.5830078125,0.7998046875,0.0078125,-0.30517578125,0.67138671875,0.67138671875,0,0,0,0.0,0.0,0.0,28.02,,,,,,,0.9897710254090376,0.9973226707988398
elevator-unknown,1773732127500,2026-03-17 15:22:07.500,1773732127499,1,1,-0.58251953125,0.806640625,0.00439453125,-0.18310546875,0.79345703125,0.67138671875,0,0,0,0.0,0.0,0.0,28.21,,,,,,,0.9949961879791387,1.055396512804601
elevator-unknown,1773732127524,2026-03-17 15:22:07.524,1773732127523,1,1,-0.57373046875,0.8173828125,0.00830078125,-0.244140625,0.67138671875,0.67138671875,0,0,0,0.0,0.0,0.0,28.15,,,,,,,0.9986742291217218,0.9803697756475226
elevator-unknown,1773732127558,2026-03-17 15:22:07.558,1773732127549,9,1,-0.587890625,0.80712890625,0.01220703125,-0.18310546875,0.48828125,0.732421875,0,0,0,0.0,0.0,0.0,28.15,,,,,,,0.9986097685678578,0.8991039955234519
elevator-unknown,1773732127581,2026-03-17 15:22:07.581,1773732127573,8,1,-0.578125,0.7998046875,0.00830078125,0.0,0.67138671875,0.67138671875,0,0,0,0.0,0.0,0.0,28.02,,,,,,,0.9869067619290756,0.9494842032534208
elevator-unknown,1773732127605,2026-03-17 15:22:07.605,1773732127599,6,1,-0.5771484375,0.8125,0.01513671875,-0.18310546875,0.732421875,0.79345703125,0,0,0,0.0,0.0,0.0,28.02,,,,,,,0.9967375227025458,1.0952367214920875
elevator-unknown,1773732127629,2026-03-17 15:22:07.629,1773732127623,6,1,-0.58544921875,0.79931640625,0.0078125,-0.30517578125,0.6103515625,0.67138671875,0,0,0,0.0,0.0,0.0,27.96,,,,,,,0.990817107336995,0.9572990198582838
elevator-unknown,1773732127652,2026-03-17 15:22:07.652,1773732127649,3,1,-0.58349609375,0.80126953125,0.0341796875,-0.3662109375,0.67138671875,0.67138671875,0,0,0,0.0,0.0,0.0,28.02,,,,,,,0.991800788550151,1.0176594238606609
elevator-unknown,1773732127676,2026-03-17 15:22:07.676,1773732127673,3,1,-0.57568359375,0.8017578125,0.01416015625,-0.244140625,0.67138671875,0.67138671875,0,0,0,0.0,0.0,0.0,27.96,,,,,,,0.9871310450202266,0.9803697756475226
elevator-unknown,1773732127699,2026-03-17 15:22:07.699,1773732127698,1,1,-0.5908203125,0.80615234375,0.01025390625,-0.30517578125,0.67138671875,0.6103515625,0,0,0,0.0,0.0,0.0,27.83,,,,,,,0.9995275812050409,0.9572990198582838
elevator-unknown,1773732127734,2026-03-17 15:22:07.734,1773732127725,9,1,-0.5830078125,0.7880859375,-0.00048828125,-0.244140625,0.6103515625,0.79345703125,0,0,0,0.0,0.0,0.0,28.02,,,,,,,0.9802947478895662,1.030392029793343
elevator-unknown,1773732127757,2026-03-17 15:22:07.757,1773732127748,9,1,-0.58740234375,0.79541015625,0.009765625,-0.18310546875,0.91552734375,0.54931640625,0,0,0,0.0,0.0,0.0,28.21,,,,,,,0.9888448804237615,1.0832665618468535
elevator-unknown,1773732127780,2026-03-17 15:22:07.780,1773732127774,6,1,-0.583984375,0.8037109375,0.00732421875,-0.18310546875,0.732421875,0.48828125,0,0,0,0.0,0.0,0.0,28.15,,,,,,,0.9935002090999112,0.8991039955234519
elevator-unknown,1773732127804,2026-03-17 15:22:07.804,1773732127798,6,1,-0.578125,0.80859375,0.01123046875,-0.18310546875,0.67138671875,0.732421875,0,0,0,0.0,0.0,0.0,28.09,,,,,,,0.9940716732672786,1.0103116062772735
elevator-unknown,1773732127828,2026-03-17 15:22:07.828,1773732127824,4,1,-0.59619140625,0.796875,0.009765625,-0.18310546875,0.79345703125,0.67138671875,0,0,0,0.0,0.0,0.0,28.02,,,,,,,0.9952634454972177,1.055396512804601
elevator-unknown,1773732127851,2026-03-17 15:22:07.851,1773732127848,3,1,-0.57421875,0.8134765625,0.01220703125,-0.244140625,0.67138671875,0.732421875,0,0,0,0.0,0.0,0.0,28.15,,,,,,,0.9958013367134618,1.0231356576074346
elevator-unknown,1773732127874,2026-03-17 15:22:07.874,1773732127873,1,1,-0.55712890625,0.8115234375,-0.0009765625,-0.244140625,0.67138671875,0.79345703125,0,0,0,0.0,0.0,0.0,27.96,,,,,,,0.9843596199892873,1.0676791799643495
elevator-unknown,1773732127909,2026-03-17 15:22:07.909,1773732127900,9,1,-0.59375,0.79443359375,0.02001953125,-0.244140625,0.67138671875,0.732421875,0,0,0,0.0,0.0,0.0,28.15,,,,,,,0.9920002918396797,1.0231356576074346
elevator-unknown,1773732127933,2026-03-17 15:22:07.933,1773732127924,9,1,-0.578125,0.79638671875,0.0048828125,0.0,0.732421875,0.8544921875,0,0,0,0.0,0.0,0.0,28.28,,,,,,,0.9841159297990769,1.1254326730093858
elevator-unknown,1773732127956,2026-03-17 15:22:07.956,1773732127948,8,1,-0.58349609375,0.80810546875,0.02294921875,-0.18310546875,0.732421875,0.732421875,0,0,0,0.0,0.0,0.0,28.02,,,,,,,0.997009933093147,1.0518608361580863
elevator-unknown,1773732127980,2026-03-17 15:22:07.980,1773732127973,7,1,-0.5966796875,0.798828125,0.0146484375,-0.244140625,0.732421875,0.79345703125,0,0,0,0.0,0.0,0.0,28.09,,,,,,,0.9971798230446225,1.1070774625986972
elevator-unknown,1773732128003,2026-03-17 15:22:08.003,1773732127998,5,1,-0.60009765625,0.7890625,0.0224609375,-0.244140625,0.67138671875,0.732421875,0,0,0,0.0,0.0,0.0,27.96,,,,,,,0.9915852558687892,1.0231356576074346
elevator-unknown,1773732128026,2026-03-17 15:22:08.026,1773732128023,3,1,-0.58984375,0.802734375,0.017578125,-0.18310546875,0.732421875,0.732421875,0,0,0,0.0,0.0,0.0,27.96,,,,,,,0.9962967011383801,1.0518608361580863
elevator-unknown,1773732128049,2026-03-17 15:22:08.049,1773732128048,1,1,-0.57666015625,0.79931640625,0.01416015625,-0.30517578125,0.54931640625,0.79345703125,0,0,0,0.0,0.0,0.0,28.02,,,,,,,0.9857201241385477,1.0121535615098267
elevator-unknown,1773732128082,2026-03-17 15:22:08.082,1773732128073,9,1,-0.60205078125,0.79736328125,0.02001953125,-0.1220703125,0.6103515625,0.732421875,0,0,0,0.0,0.0,0.0,28.02,,,,,,,0.9993268369862643,0.9611826018080823
elevator-unknown,1773732128105,2026-03-17 15:22:08.105,1773732128098,7,1,-0.57421875,0.81591796875,0.02001953125,-0.18310546875,0.67138671875,0.732421875,0,0,0,0.0,0.0,0.0,27.96,,,,,,,0.9979228859045964,1.0103116062772735
elevator-unknown,1773732128128,2026-03-17 15:22:08.128,1773732128123,5,1,-0.58251953125,0.798828125,0.01171875,-0.18310546875,0.67138671875,0.732421875,0,0,0,0.0,0.0,0.0,27.71,,,,,,,0.9887328793361218,1.0103116062772735
